timestamp,device,command,source_ip,packet_rate,auth_attempts,status
10:43:25,PLC_03,READ_SENSOR,192.168.1.10,24,1,NORMAL
10:49:08,SENSOR_02,STATUS_CHECK,192.168.1.12,26,0,NORMAL
12:03:20,SENSOR_02,READ_SENSOR,192.168.1.12,18,1,NORMAL
11:50:00,PLC_03,WRITE_REGISTER,192.168.1.11,27,0,NORMAL
10:54:48,PLC_01,STATUS_CHECK,192.168.1.11,41,0,NORMAL
10:56:30,PLC_02,HEARTBEAT,192.168.1.12,42,1,NORMAL
10:52:10,SENSOR_01,READ_SENSOR,192.168.1.10,49,1,NORMAL
10:34:12,SENSOR_02,STATUS_CHECK,192.168.1.10,42,0,NORMAL
10:02:57,PLC_02,STOP_MOTOR,172.16.0.88,189,8,ATTACK
10:20:24,PLC_03,STATUS_CHECK,192.168.1.10,15,0,NORMAL
10:00:11,PLC_01,OVERRIDE_VALVE,10.0.0.55,109,8,ATTACK
10:08:52,SENSOR_02,STATUS_CHECK,192.168.1.10,25,1,NORMAL
10:31:48,SENSOR_02,READ_SENSOR,192.168.1.12,16,0,NORMAL
10:05:46,PLC_01,OVERRIDE_VALVE,10.0.0.55,187,3,ATTACK
10:02:18,SENSOR_02,STOP_MOTOR,192.168.9.99,179,5,ATTACK
10:01:39,PLC_03,OVERRIDE_VALVE,172.16.0.88,189,4,ATTACK
10:46:40,PLC_01,STATUS_CHECK,192.168.1.12,37,1,NORMAL
10:04:09,PLC_02,STOP_MOTOR,172.16.0.88,121,10,ATTACK
11:54:09,SENSOR_02,STATUS_CHECK,192.168.1.11,44,1,NORMAL
10:42:32,PLC_03,STATUS_CHECK,192.168.1.10,22,1,NORMAL
11:13:12,SENSOR_02,WRITE_REGISTER,192.168.1.12,22,1,NORMAL
10:14:30,PLC_01,STATUS_CHECK,192.168.1.11,36,0,NORMAL
11:01:50,SENSOR_02,READ_SENSOR,192.168.1.10,12,1,NORMAL
11:10:16,SENSOR_01,READ_SENSOR,192.168.1.12,32,0,NORMAL
10:24:30,PLC_01,WRITE_REGISTER,192.168.1.11,29,1,NORMAL
10:27:25,PLC_01,READ_SENSOR,192.168.1.12,48,1,NORMAL
10:08:25,PLC_03,READ_SENSOR,192.168.1.12,11,1,NORMAL
10:06:12,PLC_02,OVERRIDE_VALVE,10.0.0.55,115,8,ATTACK
10:03:24,SENSOR_01,DISABLE_ALARM,192.168.9.99,122,6,ATTACK
10:02:27,PLC_02,OVERRIDE_VALVE,192.168.9.99,159,7,ATTACK
10:46:08,PLC_02,HEARTBEAT,192.168.1.12,26,0,NORMAL
10:23:10,PLC_03,HEARTBEAT,192.168.1.11,30,0,NORMAL
11:43:30,PLC_02,READ_SENSOR,192.168.1.12,34,1,NORMAL
10:58:13,PLC_01,STATUS_CHECK,192.168.1.10,42,0,NORMAL
10:37:00,PLC_02,READ_SENSOR,192.168.1.10,48,0,NORMAL
10:13:12,SENSOR_01,HEARTBEAT,192.168.1.10,15,1,NORMAL
11:08:42,SENSOR_02,STATUS_CHECK,192.168.1.12,13,1,NORMAL
10:48:40,PLC_01,HEARTBEAT,192.168.1.10,37,0,NORMAL
10:03:22,PLC_01,FORCE_WRITE,172.16.0.88,182,4,ATTACK
10:02:57,PLC_03,WRITE_REGISTER,192.168.1.12,25,0,NORMAL
10:27:20,SENSOR_01,WRITE_REGISTER,192.168.1.11,42,1,NORMAL
10:12:48,SENSOR_01,STATUS_CHECK,192.168.1.11,26,0,NORMAL
10:36:24,SENSOR_01,READ_SENSOR,192.168.1.10,35,1,NORMAL
10:05:48,SENSOR_01,OVERRIDE_VALVE,172.16.0.88,157,9,ATTACK
10:34:53,PLC_01,STATUS_CHECK,192.168.1.10,50,1,NORMAL
10:41:33,PLC_01,HEARTBEAT,192.168.1.12,21,1,NORMAL
10:06:12,PLC_02,OVERRIDE_VALVE,172.16.0.88,83,8,ATTACK
11:00:06,PLC_03,HEARTBEAT,192.168.1.12,38,0,NORMAL
10:58:32,PLC_01,HEARTBEAT,192.168.1.10,28,1,NORMAL
10:01:14,PLC_02,FORCE_WRITE,10.0.0.55,119,10,ATTACK
10:47:30,PLC_01,READ_SENSOR,192.168.1.11,23,0,NORMAL
10:01:19,PLC_03,STOP_MOTOR,172.16.0.88,185,7,ATTACK
10:17:24,PLC_01,STATUS_CHECK,192.168.1.10,19,1,NORMAL
11:36:20,PLC_01,STATUS_CHECK,192.168.1.11,39,1,NORMAL
10:02:18,PLC_02,STATUS_CHECK,192.168.1.10,44,0,NORMAL
10:03:00,SENSOR_02,WRITE_REGISTER,192.168.1.10,14,0,NORMAL
10:51:25,PLC_03,WRITE_REGISTER,192.168.1.12,31,0,NORMAL
10:01:20,PLC_02,STATUS_CHECK,192.168.1.11,23,1,NORMAL
10:18:25,PLC_02,HEARTBEAT,192.168.1.12,24,1,NORMAL
10:00:20,PLC_01,FORCE_WRITE,10.0.0.55,190,10,ATTACK
10:49:20,SENSOR_01,STATUS_CHECK,192.168.1.10,45,0,NORMAL
10:05:24,PLC_03,HEARTBEAT,192.168.1.11,13,0,NORMAL
10:27:06,SENSOR_01,STATUS_CHECK,192.168.1.11,44,1,NORMAL
10:13:56,PLC_03,WRITE_REGISTER,192.168.1.11,45,0,NORMAL
11:00:24,PLC_02,WRITE_REGISTER,192.168.1.12,23,1,NORMAL
11:20:44,SENSOR_02,STATUS_CHECK,192.168.1.10,20,1,NORMAL
11:50:20,SENSOR_01,HEARTBEAT,192.168.1.10,41,1,NORMAL
10:03:18,PLC_01,STOP_MOTOR,192.168.9.99,163,10,ATTACK
10:09:20,SENSOR_02,STATUS_CHECK,192.168.1.12,17,1,NORMAL
11:12:24,SENSOR_02,STATUS_CHECK,192.168.1.11,27,0,NORMAL
10:17:50,SENSOR_01,HEARTBEAT,192.168.1.12,47,1,NORMAL
10:32:52,PLC_02,HEARTBEAT,192.168.1.12,48,0,NORMAL
11:38:20,SENSOR_02,HEARTBEAT,192.168.1.10,21,1,NORMAL
11:01:45,PLC_02,READ_SENSOR,192.168.1.12,27,0,NORMAL
10:19:28,PLC_02,WRITE_REGISTER,192.168.1.10,41,0,NORMAL
10:19:16,PLC_02,READ_SENSOR,192.168.1.11,21,1,NORMAL
10:54:20,PLC_01,WRITE_REGISTER,192.168.1.12,13,0,NORMAL
10:02:36,PLC_02,WRITE_REGISTER,192.168.1.11,41,1,NORMAL
11:08:43,SENSOR_02,STATUS_CHECK,192.168.1.11,26,1,NORMAL
10:46:03,PLC_02,STATUS_CHECK,192.168.1.12,45,0,NORMAL
11:30:32,SENSOR_02,WRITE_REGISTER,192.168.1.10,23,1,NORMAL
10:08:48,PLC_01,READ_SENSOR,192.168.1.11,21,1,NORMAL
10:41:15,SENSOR_01,HEARTBEAT,192.168.1.11,31,0,NORMAL
10:03:21,PLC_01,HEARTBEAT,192.168.1.11,30,1,NORMAL
10:37:06,SENSOR_02,READ_SENSOR,192.168.1.10,16,1,NORMAL
10:54:48,SENSOR_02,STATUS_CHECK,192.168.1.12,32,0,NORMAL
10:06:36,SENSOR_01,OVERRIDE_VALVE,172.16.0.88,197,8,ATTACK
10:59:30,PLC_03,STATUS_CHECK,192.168.1.10,45,0,NORMAL
11:02:45,SENSOR_01,READ_SENSOR,192.168.1.12,42,0,NORMAL
10:21:48,PLC_02,READ_SENSOR,192.168.1.11,30,1,NORMAL
10:19:06,PLC_03,HEARTBEAT,192.168.1.12,48,0,NORMAL
10:30:04,PLC_03,STATUS_CHECK,192.168.1.11,49,0,NORMAL
11:09:36,SENSOR_01,READ_SENSOR,192.168.1.12,16,0,NORMAL
10:25:26,PLC_01,WRITE_REGISTER,192.168.1.11,48,0,NORMAL
11:18:42,PLC_03,WRITE_REGISTER,192.168.1.10,22,0,NORMAL
10:36:20,SENSOR_02,READ_SENSOR,192.168.1.12,35,1,NORMAL
11:29:08,PLC_03,STATUS_CHECK,192.168.1.12,35,0,NORMAL
10:11:44,SENSOR_02,HEARTBEAT,192.168.1.11,13,0,NORMAL
10:03:09,SENSOR_01,WRITE_REGISTER,192.168.1.10,39,1,NORMAL
10:00:26,SENSOR_02,OVERRIDE_VALVE,10.0.0.55,116,10,ATTACK
10:47:44,PLC_03,WRITE_REGISTER,192.168.1.12,32,0,NORMAL
10:40:57,SENSOR_02,READ_SENSOR,192.168.1.11,33,0,NORMAL
10:04:32,SENSOR_01,OVERRIDE_VALVE,10.0.0.55,117,3,ATTACK
10:38:24,PLC_01,WRITE_REGISTER,192.168.1.11,32,0,NORMAL
10:42:20,PLC_03,READ_SENSOR,192.168.1.11,50,1,NORMAL
11:04:24,PLC_01,READ_SENSOR,192.168.1.12,15,0,NORMAL
10:36:56,SENSOR_02,STATUS_CHECK,192.168.1.10,33,1,NORMAL
10:07:57,PLC_02,STOP_MOTOR,192.168.9.99,153,4,ATTACK
10:19:36,SENSOR_01,STATUS_CHECK,192.168.1.10,34,1,NORMAL
10:03:54,PLC_03,FORCE_WRITE,10.0.0.55,149,5,ATTACK
11:28:00,PLC_03,HEARTBEAT,192.168.1.11,17,0,NORMAL
10:01:09,SENSOR_02,DISABLE_ALARM,172.16.0.88,161,7,ATTACK
10:03:05,SENSOR_02,FORCE_WRITE,172.16.0.88,194,6,ATTACK
10:00:16,PLC_01,STOP_MOTOR,10.0.0.55,150,3,ATTACK
10:11:28,SENSOR_02,READ_SENSOR,192.168.1.10,19,0,NORMAL
11:04:48,SENSOR_01,WRITE_REGISTER,192.168.1.12,29,0,NORMAL
10:30:40,PLC_03,HEARTBEAT,192.168.1.12,19,1,NORMAL
10:02:58,PLC_01,FORCE_WRITE,192.168.9.99,179,6,ATTACK
11:11:12,PLC_01,STATUS_CHECK,192.168.1.10,11,0,NORMAL
10:19:36,PLC_01,STATUS_CHECK,192.168.1.11,40,1,NORMAL
10:04:36,PLC_01,DISABLE_ALARM,10.0.0.55,90,9,ATTACK
10:49:35,PLC_01,HEARTBEAT,192.168.1.11,49,1,NORMAL
10:59:25,SENSOR_02,WRITE_REGISTER,192.168.1.10,35,1,NORMAL
10:43:20,PLC_02,HEARTBEAT,192.168.1.11,49,0,NORMAL
10:31:36,SENSOR_02,HEARTBEAT,192.168.1.12,19,0,NORMAL
10:27:57,PLC_02,STATUS_CHECK,192.168.1.12,24,0,NORMAL
10:38:52,SENSOR_01,WRITE_REGISTER,192.168.1.10,23,0,NORMAL
11:06:45,SENSOR_01,WRITE_REGISTER,192.168.1.11,50,0,NORMAL
10:01:07,SENSOR_01,STOP_MOTOR,10.0.0.55,151,9,ATTACK
10:00:00,SENSOR_01,DISABLE_ALARM,192.168.9.99,98,5,ATTACK
11:39:50,PLC_01,STATUS_CHECK,192.168.1.12,22,1,NORMAL
10:00:49,PLC_02,DISABLE_ALARM,192.168.9.99,167,8,ATTACK
10:39:45,PLC_01,STATUS_CHECK,192.168.1.10,46,1,NORMAL
10:09:45,SENSOR_02,STOP_MOTOR,10.0.0.55,152,5,ATTACK
10:44:05,PLC_03,READ_SENSOR,192.168.1.10,30,0,NORMAL
10:08:15,PLC_03,READ_SENSOR,192.168.1.10,31,0,NORMAL
10:14:00,PLC_01,WRITE_REGISTER,192.168.1.11,12,0,NORMAL
10:10:45,PLC_01,STATUS_CHECK,192.168.1.11,37,1,NORMAL
10:02:30,PLC_01,WRITE_REGISTER,192.168.1.12,15,0,NORMAL
10:07:12,SENSOR_01,HEARTBEAT,192.168.1.12,21,1,NORMAL
10:02:12,SENSOR_02,READ_SENSOR,192.168.1.10,14,0,NORMAL
10:20:35,PLC_02,READ_SENSOR,192.168.1.11,16,0,NORMAL
11:12:06,PLC_01,STATUS_CHECK,192.168.1.12,14,0,NORMAL
10:14:03,PLC_01,HEARTBEAT,192.168.1.11,42,0,NORMAL
10:04:39,SENSOR_01,OVERRIDE_VALVE,192.168.9.99,141,6,ATTACK
10:05:42,PLC_03,DISABLE_ALARM,192.168.9.99,200,7,ATTACK
10:00:10,PLC_03,DISABLE_ALARM,172.16.0.88,158,9,ATTACK
10:28:28,SENSOR_02,HEARTBEAT,192.168.1.12,31,0,NORMAL
10:01:06,SENSOR_02,OVERRIDE_VALVE,172.16.0.88,156,10,ATTACK
10:53:30,PLC_02,WRITE_REGISTER,192.168.1.11,49,1,NORMAL
10:53:35,PLC_01,HEARTBEAT,192.168.1.10,40,1,NORMAL
10:21:04,SENSOR_02,HEARTBEAT,192.168.1.12,15,1,NORMAL
10:02:57,PLC_03,DISABLE_ALARM,10.0.0.55,107,7,ATTACK
10:42:54,PLC_03,HEARTBEAT,192.168.1.11,35,1,NORMAL
10:04:42,PLC_02,STOP_MOTOR,192.168.9.99,94,10,ATTACK
10:30:48,SENSOR_02,READ_SENSOR,192.168.1.11,44,1,NORMAL
10:30:54,PLC_02,READ_SENSOR,192.168.1.10,28,1,NORMAL
11:44:33,PLC_01,STATUS_CHECK,192.168.1.10,23,1,NORMAL
10:08:00,SENSOR_02,HEARTBEAT,192.168.1.12,19,0,NORMAL
10:01:24,SENSOR_01,STOP_MOTOR,172.16.0.88,162,7,ATTACK
11:09:25,SENSOR_01,READ_SENSOR,192.168.1.10,38,0,NORMAL
11:03:55,SENSOR_01,READ_SENSOR,192.168.1.10,19,1,NORMAL
10:54:05,PLC_02,STATUS_CHECK,192.168.1.11,38,1,NORMAL
10:43:20,PLC_03,STATUS_CHECK,192.168.1.10,17,1,NORMAL
10:03:15,SENSOR_01,FORCE_WRITE,192.168.9.99,126,6,ATTACK
10:44:32,PLC_01,WRITE_REGISTER,192.168.1.10,31,1,NORMAL
10:34:46,PLC_02,WRITE_REGISTER,192.168.1.11,24,1,NORMAL
11:20:23,PLC_02,HEARTBEAT,192.168.1.10,50,1,NORMAL
10:52:20,SENSOR_02,HEARTBEAT,192.168.1.11,44,0,NORMAL
10:46:30,PLC_02,WRITE_REGISTER,192.168.1.11,46,1,NORMAL
10:18:03,SENSOR_01,STATUS_CHECK,192.168.1.10,23,0,NORMAL
10:47:54,PLC_02,STATUS_CHECK,192.168.1.10,27,0,NORMAL
10:14:40,PLC_02,HEARTBEAT,192.168.1.10,32,1,NORMAL
10:09:27,PLC_03,FORCE_WRITE,192.168.9.99,200,7,ATTACK
10:40:30,SENSOR_01,WRITE_REGISTER,192.168.1.12,19,0,NORMAL
10:24:12,SENSOR_01,READ_SENSOR,192.168.1.11,36,0,NORMAL
10:12:42,SENSOR_01,STATUS_CHECK,192.168.1.12,16,0,NORMAL
10:17:16,PLC_03,WRITE_REGISTER,192.168.1.10,12,1,NORMAL
10:00:06,SENSOR_02,FORCE_WRITE,10.0.0.55,118,7,ATTACK
11:07:42,PLC_03,HEARTBEAT,192.168.1.11,28,1,NORMAL
10:24:42,PLC_03,STATUS_CHECK,192.168.1.10,34,1,NORMAL
10:55:50,SENSOR_01,WRITE_REGISTER,192.168.1.12,36,0,NORMAL
10:50:16,SENSOR_01,HEARTBEAT,192.168.1.10,29,1,NORMAL
10:35:04,PLC_02,READ_SENSOR,192.168.1.10,38,1,NORMAL
10:00:45,PLC_03,STOP_MOTOR,172.16.0.88,107,4,ATTACK
10:06:51,PLC_03,READ_SENSOR,192.168.1.10,40,1,NORMAL
10:53:15,SENSOR_02,HEARTBEAT,192.168.1.12,23,0,NORMAL
10:54:45,PLC_01,WRITE_REGISTER,192.168.1.12,32,0,NORMAL
10:07:06,PLC_03,STOP_MOTOR,172.16.0.88,170,9,ATTACK
12:04:50,PLC_02,WRITE_REGISTER,192.168.1.11,48,0,NORMAL
10:02:28,SENSOR_01,DISABLE_ALARM,10.0.0.55,149,3,ATTACK
10:00:29,SENSOR_01,DISABLE_ALARM,10.0.0.55,111,5,ATTACK
11:16:32,PLC_03,READ_SENSOR,192.168.1.12,43,0,NORMAL
10:16:35,PLC_01,WRITE_REGISTER,192.168.1.11,49,1,NORMAL
10:31:57,SENSOR_01,HEARTBEAT,192.168.1.11,20,1,NORMAL
10:47:36,PLC_02,WRITE_REGISTER,192.168.1.12,34,1,NORMAL
10:38:44,PLC_02,STATUS_CHECK,192.168.1.11,23,1,NORMAL
10:17:20,SENSOR_01,WRITE_REGISTER,192.168.1.10,32,1,NORMAL
11:21:44,PLC_02,READ_SENSOR,192.168.1.12,41,1,NORMAL
10:13:00,SENSOR_02,READ_SENSOR,192.168.1.11,36,0,NORMAL
10:01:56,PLC_02,WRITE_REGISTER,192.168.1.10,31,0,NORMAL
10:53:30,SENSOR_01,WRITE_REGISTER,192.168.1.10,31,0,NORMAL
11:55:50,SENSOR_02,STATUS_CHECK,192.168.1.10,30,0,NORMAL
10:55:42,SENSOR_02,WRITE_REGISTER,192.168.1.11,29,1,NORMAL
10:01:48,PLC_01,OVERRIDE_VALVE,192.168.9.99,99,3,ATTACK
11:29:24,SENSOR_01,STATUS_CHECK,192.168.1.10,42,0,NORMAL
10:27:30,SENSOR_02,WRITE_REGISTER,192.168.1.10,39,1,NORMAL
10:01:58,PLC_02,OVERRIDE_VALVE,192.168.9.99,119,5,ATTACK
11:06:00,SENSOR_02,WRITE_REGISTER,192.168.1.11,14,0,NORMAL
10:00:48,SENSOR_01,OVERRIDE_VALVE,192.168.9.99,136,7,ATTACK
10:08:40,PLC_03,READ_SENSOR,192.168.1.11,32,1,NORMAL
10:21:09,SENSOR_02,READ_SENSOR,192.168.1.11,15,1,NORMAL
10:02:05,SENSOR_01,OVERRIDE_VALVE,172.16.0.88,188,10,ATTACK
10:01:21,PLC_01,DISABLE_ALARM,10.0.0.55,118,3,ATTACK
11:49:10,PLC_01,HEARTBEAT,192.168.1.11,12,0,NORMAL
10:44:08,PLC_03,HEARTBEAT,192.168.1.10,25,1,NORMAL
11:39:36,SENSOR_01,READ_SENSOR,192.168.1.12,45,0,NORMAL
10:20:45,PLC_02,WRITE_REGISTER,192.168.1.12,38,0,NORMAL
10:01:47,SENSOR_01,FORCE_WRITE,172.16.0.88,189,8,ATTACK
11:22:36,SENSOR_01,HEARTBEAT,192.168.1.11,50,1,NORMAL
10:25:25,SENSOR_01,HEARTBEAT,192.168.1.11,39,0,NORMAL
10:36:42,PLC_02,HEARTBEAT,192.168.1.10,14,1,NORMAL
10:02:55,SENSOR_02,STOP_MOTOR,10.0.0.55,170,8,ATTACK
10:03:16,SENSOR_02,WRITE_REGISTER,192.168.1.12,26,0,NORMAL
10:01:36,SENSOR_01,DISABLE_ALARM,10.0.0.55,124,6,ATTACK
10:00:06,PLC_01,WRITE_REGISTER,192.168.1.10,42,0,NORMAL
10:27:12,PLC_03,WRITE_REGISTER,192.168.1.10,27,0,NORMAL
10:40:50,SENSOR_01,WRITE_REGISTER,192.168.1.11,27,1,NORMAL
10:05:12,SENSOR_01,OVERRIDE_VALVE,172.16.0.88,169,3,ATTACK
10:26:48,SENSOR_01,READ_SENSOR,192.168.1.10,46,1,NORMAL
10:17:12,PLC_03,READ_SENSOR,192.168.1.11,28,1,NORMAL
10:09:42,PLC_03,FORCE_WRITE,10.0.0.55,184,6,ATTACK
11:12:09,PLC_03,WRITE_REGISTER,192.168.1.11,15,0,NORMAL
10:57:30,PLC_02,STATUS_CHECK,192.168.1.10,40,0,NORMAL
10:03:18,SENSOR_01,HEARTBEAT,192.168.1.10,16,0,NORMAL
10:03:06,PLC_01,READ_SENSOR,192.168.1.11,14,0,NORMAL
10:38:30,SENSOR_02,STATUS_CHECK,192.168.1.12,30,0,NORMAL
10:08:09,PLC_03,OVERRIDE_VALVE,192.168.9.99,95,3,ATTACK
10:22:24,PLC_02,READ_SENSOR,192.168.1.12,11,0,NORMAL
10:44:24,SENSOR_01,STATUS_CHECK,192.168.1.12,27,1,NORMAL
10:00:18,SENSOR_02,HEARTBEAT,192.168.1.10,38,1,NORMAL
10:17:00,SENSOR_01,READ_SENSOR,192.168.1.10,15,0,NORMAL
10:42:50,PLC_02,READ_SENSOR,192.168.1.11,14,1,NORMAL
11:06:35,SENSOR_02,WRITE_REGISTER,192.168.1.10,27,0,NORMAL
10:40:48,SENSOR_02,WRITE_REGISTER,192.168.1.11,30,1,NORMAL
10:18:10,SENSOR_02,HEARTBEAT,192.168.1.11,11,1,NORMAL
10:28:40,SENSOR_02,WRITE_REGISTER,192.168.1.12,44,0,NORMAL
10:07:42,PLC_02,WRITE_REGISTER,192.168.1.10,12,0,NORMAL
10:09:48,SENSOR_02,HEARTBEAT,192.168.1.12,25,1,NORMAL
10:28:36,PLC_01,READ_SENSOR,192.168.1.12,21,1,NORMAL
10:13:40,SENSOR_02,STATUS_CHECK,192.168.1.11,49,1,NORMAL
10:09:33,SENSOR_01,STOP_MOTOR,192.168.9.99,83,10,ATTACK
10:39:27,SENSOR_02,READ_SENSOR,192.168.1.11,33,1,NORMAL
10:03:08,SENSOR_01,OVERRIDE_VALVE,172.16.0.88,158,6,ATTACK
10:46:26,PLC_01,HEARTBEAT,192.168.1.10,16,0,NORMAL
10:37:41,SENSOR_01,READ_SENSOR,192.168.1.11,31,0,NORMAL
11:09:12,PLC_01,STATUS_CHECK,192.168.1.10,34,1,NORMAL
10:01:56,SENSOR_01,OVERRIDE_VALVE,10.0.0.55,110,5,ATTACK
10:02:02,PLC_02,STOP_MOTOR,192.168.9.99,103,3,ATTACK
10:00:30,PLC_03,READ_SENSOR,192.168.1.10,34,0,NORMAL
11:00:55,SENSOR_01,READ_SENSOR,192.168.1.11,33,0,NORMAL
11:17:30,PLC_01,WRITE_REGISTER,192.168.1.10,47,1,NORMAL
10:16:10,PLC_01,READ_SENSOR,192.168.1.11,24,0,NORMAL
10:22:10,PLC_01,STATUS_CHECK,192.168.1.10,43,0,NORMAL
10:23:48,PLC_01,WRITE_REGISTER,192.168.1.12,44,0,NORMAL
10:02:16,PLC_01,FORCE_WRITE,172.16.0.88,85,4,ATTACK
11:46:24,PLC_03,HEARTBEAT,192.168.1.11,38,0,NORMAL
10:31:40,SENSOR_01,WRITE_REGISTER,192.168.1.11,23,1,NORMAL
11:13:37,PLC_02,READ_SENSOR,192.168.1.10,29,1,NORMAL
10:25:24,SENSOR_01,STATUS_CHECK,192.168.1.10,44,0,NORMAL
10:40:50,PLC_02,STATUS_CHECK,192.168.1.12,15,0,NORMAL
10:11:48,PLC_02,HEARTBEAT,192.168.1.11,47,1,NORMAL
10:01:40,PLC_01,OVERRIDE_VALVE,172.16.0.88,198,5,ATTACK
10:37:30,PLC_03,WRITE_REGISTER,192.168.1.11,49,1,NORMAL
11:18:27,PLC_01,READ_SENSOR,192.168.1.11,18,0,NORMAL
10:00:36,PLC_02,READ_SENSOR,192.168.1.11,27,1,NORMAL
10:32:40,SENSOR_02,WRITE_REGISTER,192.168.1.12,12,1,NORMAL
10:40:12,PLC_03,READ_SENSOR,192.168.1.11,13,0,NORMAL
10:04:03,SENSOR_02,WRITE_REGISTER,192.168.1.10,39,0,NORMAL
11:57:27,PLC_03,READ_SENSOR,192.168.1.12,26,0,NORMAL
11:37:50,PLC_01,HEARTBEAT,192.168.1.10,36,0,NORMAL
11:46:16,PLC_02,HEARTBEAT,192.168.1.11,23,1,NORMAL
10:11:57,PLC_02,HEARTBEAT,192.168.1.11,43,0,NORMAL
10:19:20,PLC_03,STATUS_CHECK,192.168.1.12,14,1,NORMAL
10:28:08,PLC_01,WRITE_REGISTER,192.168.1.10,46,1,NORMAL
11:47:33,SENSOR_02,WRITE_REGISTER,192.168.1.10,21,0,NORMAL
10:23:56,SENSOR_02,HEARTBEAT,192.168.1.10,39,0,NORMAL
10:59:52,PLC_03,WRITE_REGISTER,192.168.1.11,17,1,NORMAL
10:26:29,PLC_03,WRITE_REGISTER,192.168.1.11,20,0,NORMAL
10:05:00,SENSOR_01,DISABLE_ALARM,192.168.9.99,156,3,ATTACK
10:04:52,PLC_03,DISABLE_ALARM,10.0.0.55,160,5,ATTACK
11:32:52,PLC_02,STATUS_CHECK,192.168.1.11,49,1,NORMAL
10:58:27,SENSOR_01,WRITE_REGISTER,192.168.1.10,25,0,NORMAL
10:54:08,PLC_01,HEARTBEAT,192.168.1.11,32,0,NORMAL
10:18:06,SENSOR_01,STATUS_CHECK,192.168.1.12,14,0,NORMAL
11:02:24,PLC_03,STATUS_CHECK,192.168.1.12,27,0,NORMAL
10:02:15,PLC_03,DISABLE_ALARM,10.0.0.55,193,7,ATTACK
11:04:12,PLC_03,STATUS_CHECK,192.168.1.12,50,1,NORMAL
10:01:03,PLC_01,STATUS_CHECK,192.168.1.12,49,1,NORMAL
10:23:15,PLC_02,HEARTBEAT,192.168.1.10,18,1,NORMAL
11:21:09,PLC_02,HEARTBEAT,192.168.1.10,43,0,NORMAL
10:29:20,PLC_01,WRITE_REGISTER,192.168.1.11,29,1,NORMAL
10:24:06,PLC_02,HEARTBEAT,192.168.1.10,18,0,NORMAL
11:10:20,PLC_02,READ_SENSOR,192.168.1.10,37,1,NORMAL
10:51:52,SENSOR_02,READ_SENSOR,192.168.1.12,28,1,NORMAL
10:07:27,SENSOR_01,OVERRIDE_VALVE,192.168.9.99,155,10,ATTACK
10:22:16,SENSOR_02,HEARTBEAT,192.168.1.11,32,0,NORMAL
11:07:12,SENSOR_01,HEARTBEAT,192.168.1.11,26,0,NORMAL
10:06:42,PLC_01,DISABLE_ALARM,172.16.0.88,177,3,ATTACK
11:15:36,PLC_03,READ_SENSOR,192.168.1.10,31,0,NORMAL
10:59:24,PLC_02,STATUS_CHECK,192.168.1.12,38,1,NORMAL
10:35:20,PLC_02,STATUS_CHECK,192.168.1.11,42,0,NORMAL
11:27:09,SENSOR_02,HEARTBEAT,192.168.1.12,40,0,NORMAL
10:35:21,PLC_02,STATUS_CHECK,192.168.1.12,14,0,NORMAL
10:44:48,PLC_03,READ_SENSOR,192.168.1.12,16,0,NORMAL
10:30:12,PLC_02,STATUS_CHECK,192.168.1.10,21,1,NORMAL
10:15:12,SENSOR_02,WRITE_REGISTER,192.168.1.11,32,0,NORMAL
10:17:36,PLC_01,HEARTBEAT,192.168.1.11,20,1,NORMAL
10:48:32,PLC_01,READ_SENSOR,192.168.1.12,50,0,NORMAL
10:14:08,PLC_02,READ_SENSOR,192.168.1.10,43,0,NORMAL
10:11:51,SENSOR_01,HEARTBEAT,192.168.1.10,19,0,NORMAL
10:17:16,SENSOR_02,STATUS_CHECK,192.168.1.11,40,1,NORMAL
10:20:08,PLC_01,STATUS_CHECK,192.168.1.12,23,1,NORMAL
10:31:24,SENSOR_02,WRITE_REGISTER,192.168.1.12,33,0,NORMAL
11:56:33,SENSOR_02,READ_SENSOR,192.168.1.11,21,1,NORMAL
10:25:18,PLC_03,HEARTBEAT,192.168.1.11,43,0,NORMAL
10:34:12,SENSOR_02,READ_SENSOR,192.168.1.10,36,0,NORMAL
10:32:20,PLC_01,READ_SENSOR,192.168.1.11,33,1,NORMAL
10:47:24,PLC_03,STATUS_CHECK,192.168.1.12,15,1,NORMAL
10:11:05,PLC_01,READ_SENSOR,192.168.1.10,29,1,NORMAL
10:46:52,PLC_01,WRITE_REGISTER,192.168.1.12,44,0,NORMAL
10:31:06,PLC_02,HEARTBEAT,192.168.1.12,39,1,NORMAL
11:36:16,SENSOR_01,HEARTBEAT,192.168.1.11,49,1,NORMAL
11:23:52,SENSOR_02,WRITE_REGISTER,192.168.1.10,10,0,NORMAL
10:00:00,PLC_01,STATUS_CHECK,192.168.1.10,24,0,NORMAL
10:42:08,PLC_01,HEARTBEAT,192.168.1.10,46,0,NORMAL
10:35:18,SENSOR_01,STATUS_CHECK,192.168.1.10,15,0,NORMAL
10:54:42,SENSOR_02,HEARTBEAT,192.168.1.11,21,0,NORMAL
10:03:36,SENSOR_01,DISABLE_ALARM,192.168.9.99,101,5,ATTACK
10:53:12,PLC_01,HEARTBEAT,192.168.1.10,18,0,NORMAL
10:23:51,PLC_01,READ_SENSOR,192.168.1.12,39,0,NORMAL
11:07:20,SENSOR_01,STATUS_CHECK,192.168.1.12,16,0,NORMAL
10:17:12,SENSOR_02,STATUS_CHECK,192.168.1.12,18,0,NORMAL
10:08:20,PLC_02,READ_SENSOR,192.168.1.12,36,0,NORMAL
10:19:42,PLC_01,HEARTBEAT,192.168.1.10,50,0,NORMAL
10:28:00,SENSOR_02,WRITE_REGISTER,192.168.1.12,43,0,NORMAL
10:27:36,PLC_03,WRITE_REGISTER,192.168.1.10,31,0,NORMAL
10:05:09,SENSOR_02,OVERRIDE_VALVE,192.168.9.99,149,7,ATTACK
10:04:30,PLC_03,STATUS_CHECK,192.168.1.11,36,0,NORMAL
10:04:38,SENSOR_01,FORCE_WRITE,10.0.0.55,83,5,ATTACK
10:18:06,PLC_01,HEARTBEAT,192.168.1.12,29,1,NORMAL
10:36:32,PLC_01,STATUS_CHECK,192.168.1.11,17,1,NORMAL
10:01:35,PLC_01,FORCE_WRITE,10.0.0.55,121,4,ATTACK
10:03:27,SENSOR_02,WRITE_REGISTER,192.168.1.11,37,0,NORMAL
10:33:57,PLC_02,WRITE_REGISTER,192.168.1.11,42,0,NORMAL
10:08:44,PLC_02,STATUS_CHECK,192.168.1.12,47,0,NORMAL
10:25:00,PLC_03,READ_SENSOR,192.168.1.12,20,0,NORMAL
10:42:24,SENSOR_01,WRITE_REGISTER,192.168.1.11,16,0,NORMAL
10:27:10,SENSOR_02,HEARTBEAT,192.168.1.10,25,0,NORMAL
10:24:00,SENSOR_01,READ_SENSOR,192.168.1.10,27,0,NORMAL
11:03:27,PLC_03,HEARTBEAT,192.168.1.10,33,1,NORMAL
11:17:20,SENSOR_02,HEARTBEAT,192.168.1.12,24,0,NORMAL
10:15:45,SENSOR_02,HEARTBEAT,192.168.1.11,15,0,NORMAL
11:15:00,SENSOR_02,STATUS_CHECK,192.168.1.12,34,1,NORMAL
10:13:40,PLC_02,READ_SENSOR,192.168.1.12,34,0,NORMAL
10:03:16,SENSOR_01,STATUS_CHECK,192.168.1.11,43,1,NORMAL
11:43:04,PLC_02,READ_SENSOR,192.168.1.10,15,1,NORMAL
10:09:39,PLC_03,WRITE_REGISTER,192.168.1.12,30,0,NORMAL
10:51:44,PLC_02,STATUS_CHECK,192.168.1.11,36,0,NORMAL
10:01:44,SENSOR_02,FORCE_WRITE,10.0.0.55,173,6,ATTACK
10:11:16,PLC_02,HEARTBEAT,192.168.1.12,32,1,NORMAL
11:10:30,SENSOR_02,HEARTBEAT,192.168.1.12,14,0,NORMAL
10:11:40,PLC_03,HEARTBEAT,192.168.1.12,41,1,NORMAL
10:08:39,PLC_03,HEARTBEAT,192.168.1.10,47,1,NORMAL
10:00:48,PLC_03,STATUS_CHECK,192.168.1.10,39,0,NORMAL
10:37:15,PLC_02,READ_SENSOR,192.168.1.10,46,0,NORMAL
10:31:52,PLC_02,HEARTBEAT,192.168.1.11,10,1,NORMAL
10:10:57,SENSOR_02,READ_SENSOR,192.168.1.11,28,0,NORMAL
10:01:50,PLC_02,DISABLE_ALARM,172.16.0.88,198,3,ATTACK
10:00:26,SENSOR_01,FORCE_WRITE,172.16.0.88,155,10,ATTACK
10:39:40,PLC_01,STATUS_CHECK,192.168.1.12,15,0,NORMAL
10:16:55,SENSOR_01,HEARTBEAT,192.168.1.10,11,0,NORMAL
12:12:00,SENSOR_02,READ_SENSOR,192.168.1.12,32,1,NORMAL
10:27:18,SENSOR_01,HEARTBEAT,192.168.1.10,13,1,NORMAL
10:25:40,PLC_03,READ_SENSOR,192.168.1.10,41,1,NORMAL
10:06:09,SENSOR_02,FORCE_WRITE,172.16.0.88,152,6,ATTACK
10:41:40,SENSOR_02,STATUS_CHECK,192.168.1.11,47,0,NORMAL
10:19:48,PLC_01,WRITE_REGISTER,192.168.1.12,19,1,NORMAL
10:09:30,PLC_02,OVERRIDE_VALVE,192.168.9.99,119,8,ATTACK
11:56:06,PLC_03,HEARTBEAT,192.168.1.11,47,0,NORMAL
10:12:20,SENSOR_01,HEARTBEAT,192.168.1.11,12,1,NORMAL
10:06:09,PLC_03,HEARTBEAT,192.168.1.11,37,1,NORMAL
10:58:00,SENSOR_02,READ_SENSOR,192.168.1.12,20,1,NORMAL
10:14:24,PLC_02,READ_SENSOR,192.168.1.11,38,0,NORMAL
10:49:00,SENSOR_02,READ_SENSOR,192.168.1.10,46,0,NORMAL
10:06:32,PLC_02,HEARTBEAT,192.168.1.12,37,0,NORMAL
10:40:30,PLC_02,HEARTBEAT,192.168.1.11,12,0,NORMAL
11:13:40,SENSOR_01,STATUS_CHECK,192.168.1.10,29,0,NORMAL
11:53:33,PLC_02,STATUS_CHECK,192.168.1.11,24,0,NORMAL
10:06:34,PLC_02,OVERRIDE_VALVE,192.168.9.99,190,7,ATTACK
10:03:12,SENSOR_01,READ_SENSOR,192.168.1.10,33,1,NORMAL
11:02:16,SENSOR_02,STATUS_CHECK,192.168.1.12,44,0,NORMAL
10:44:55,PLC_01,WRITE_REGISTER,192.168.1.12,28,1,NORMAL
11:01:57,PLC_03,WRITE_REGISTER,192.168.1.10,35,1,NORMAL
11:01:48,PLC_03,WRITE_REGISTER,192.168.1.12,29,1,NORMAL
10:57:50,PLC_03,READ_SENSOR,192.168.1.12,49,1,NORMAL
10:06:18,PLC_03,OVERRIDE_VALVE,10.0.0.55,142,10,ATTACK
10:33:48,PLC_01,WRITE_REGISTER,192.168.1.12,24,0,NORMAL
10:08:30,SENSOR_02,STATUS_CHECK,192.168.1.12,43,0,NORMAL
10:59:09,SENSOR_02,READ_SENSOR,192.168.1.11,39,1,NORMAL
10:25:48,PLC_03,WRITE_REGISTER,192.168.1.11,46,1,NORMAL
10:02:00,PLC_03,OVERRIDE_VALVE,172.16.0.88,83,8,ATTACK
12:10:10,SENSOR_02,READ_SENSOR,192.168.1.11,17,1,NORMAL
10:13:12,SENSOR_02,WRITE_REGISTER,192.168.1.12,19,1,NORMAL
10:00:17,SENSOR_01,STOP_MOTOR,192.168.9.99,113,5,ATTACK
10:47:20,SENSOR_02,READ_SENSOR,192.168.1.12,14,1,NORMAL
11:19:34,SENSOR_01,READ_SENSOR,192.168.1.12,16,0,NORMAL
10:01:04,PLC_02,STOP_MOTOR,192.168.9.99,97,7,ATTACK
10:51:48,PLC_02,READ_SENSOR,192.168.1.11,11,0,NORMAL
11:14:30,SENSOR_02,HEARTBEAT,192.168.1.11,10,0,NORMAL
10:01:12,PLC_01,READ_SENSOR,192.168.1.10,50,0,NORMAL
10:47:40,PLC_01,READ_SENSOR,192.168.1.12,48,1,NORMAL
11:20:30,PLC_01,READ_SENSOR,192.168.1.12,31,0,NORMAL
11:25:12,PLC_02,READ_SENSOR,192.168.1.12,15,1,NORMAL
10:50:31,PLC_02,HEARTBEAT,192.168.1.11,14,1,NORMAL
10:18:21,PLC_01,STATUS_CHECK,192.168.1.11,44,1,NORMAL
10:13:50,PLC_02,HEARTBEAT,192.168.1.11,26,0,NORMAL
10:05:05,PLC_02,HEARTBEAT,192.168.1.10,21,1,NORMAL
11:14:26,SENSOR_01,WRITE_REGISTER,192.168.1.10,50,0,NORMAL
10:13:36,PLC_02,READ_SENSOR,192.168.1.11,29,1,NORMAL
10:23:45,SENSOR_02,STATUS_CHECK,192.168.1.11,30,1,NORMAL
10:54:00,SENSOR_01,READ_SENSOR,192.168.1.12,39,1,NORMAL
10:35:24,PLC_02,HEARTBEAT,192.168.1.10,39,1,NORMAL
10:38:00,SENSOR_01,STATUS_CHECK,192.168.1.10,21,1,NORMAL
10:37:04,PLC_01,READ_SENSOR,192.168.1.11,28,1,NORMAL
10:02:00,SENSOR_01,STATUS_CHECK,192.168.1.12,45,0,NORMAL
10:12:08,PLC_02,READ_SENSOR,192.168.1.10,29,1,NORMAL
10:55:12,PLC_02,WRITE_REGISTER,192.168.1.11,32,0,NORMAL
10:02:42,PLC_02,OVERRIDE_VALVE,10.0.0.55,126,6,ATTACK
11:22:00,PLC_02,HEARTBEAT,192.168.1.12,32,1,NORMAL
10:14:52,PLC_03,HEARTBEAT,192.168.1.12,35,1,NORMAL
10:57:12,PLC_01,READ_SENSOR,192.168.1.11,46,1,NORMAL
10:05:40,PLC_02,DISABLE_ALARM,172.16.0.88,194,8,ATTACK
10:43:32,SENSOR_01,HEARTBEAT,192.168.1.12,38,0,NORMAL
11:30:50,SENSOR_02,STATUS_CHECK,192.168.1.12,24,0,NORMAL
11:37:00,PLC_03,READ_SENSOR,192.168.1.11,12,0,NORMAL
11:45:30,PLC_03,WRITE_REGISTER,192.168.1.10,35,0,NORMAL
10:14:40,PLC_03,HEARTBEAT,192.168.1.11,31,0,NORMAL
10:44:20,SENSOR_02,STATUS_CHECK,192.168.1.12,45,0,NORMAL
11:40:57,PLC_01,READ_SENSOR,192.168.1.11,39,0,NORMAL
10:48:45,SENSOR_02,STATUS_CHECK,192.168.1.11,14,0,NORMAL
10:03:39,SENSOR_01,FORCE_WRITE,172.16.0.88,100,10,ATTACK
10:32:45,SENSOR_02,READ_SENSOR,192.168.1.12,12,0,NORMAL
10:24:27,PLC_02,WRITE_REGISTER,192.168.1.12,36,0,NORMAL
10:33:04,SENSOR_02,WRITE_REGISTER,192.168.1.12,34,0,NORMAL
11:03:24,PLC_02,WRITE_REGISTER,192.168.1.10,11,0,NORMAL
10:01:25,SENSOR_02,DISABLE_ALARM,192.168.9.99,179,3,ATTACK
11:18:03,SENSOR_02,STATUS_CHECK,192.168.1.12,16,0,NORMAL
10:56:15,PLC_03,STATUS_CHECK,192.168.1.10,45,0,NORMAL
10:54:56,SENSOR_02,HEARTBEAT,192.168.1.11,21,1,NORMAL
10:11:06,SENSOR_02,STATUS_CHECK,192.168.1.11,38,1,NORMAL
10:18:50,SENSOR_01,HEARTBEAT,192.168.1.10,15,1,NORMAL
10:49:50,PLC_02,WRITE_REGISTER,192.168.1.10,25,0,NORMAL
10:05:22,SENSOR_02,FORCE_WRITE,192.168.9.99,158,10,ATTACK
10:45:30,PLC_02,WRITE_REGISTER,192.168.1.11,24,1,NORMAL
10:15:36,PLC_03,READ_SENSOR,192.168.1.12,31,0,NORMAL
10:11:24,SENSOR_01,WRITE_REGISTER,192.168.1.11,47,1,NORMAL
10:27:48,PLC_02,HEARTBEAT,192.168.1.11,45,1,NORMAL
11:27:30,PLC_03,WRITE_REGISTER,192.168.1.10,22,0,NORMAL
11:16:10,SENSOR_02,READ_SENSOR,192.168.1.11,10,1,NORMAL
11:01:21,PLC_02,READ_SENSOR,192.168.1.12,32,0,NORMAL
10:13:48,PLC_03,HEARTBEAT,192.168.1.12,20,1,NORMAL
10:06:30,PLC_03,DISABLE_ALARM,192.168.9.99,134,9,ATTACK
10:13:21,SENSOR_01,READ_SENSOR,192.168.1.12,34,1,NORMAL
10:56:00,PLC_03,HEARTBEAT,192.168.1.10,22,1,NORMAL
10:03:08,PLC_01,STOP_MOTOR,192.168.9.99,149,8,ATTACK
10:04:02,SENSOR_01,FORCE_WRITE,10.0.0.55,175,7,ATTACK
10:04:26,PLC_01,OVERRIDE_VALVE,172.16.0.88,148,9,ATTACK
11:30:45,SENSOR_02,READ_SENSOR,192.168.1.12,10,1,NORMAL
11:19:04,PLC_03,STATUS_CHECK,192.168.1.11,41,0,NORMAL
11:21:28,PLC_03,STATUS_CHECK,192.168.1.12,29,0,NORMAL
10:06:16,SENSOR_01,WRITE_REGISTER,192.168.1.11,21,0,NORMAL
10:00:44,SENSOR_02,WRITE_REGISTER,192.168.1.12,25,0,NORMAL
10:52:48,PLC_01,HEARTBEAT,192.168.1.12,41,0,NORMAL
10:26:39,PLC_01,WRITE_REGISTER,192.168.1.10,22,1,NORMAL
10:05:44,PLC_01,READ_SENSOR,192.168.1.12,40,0,NORMAL
10:03:30,PLC_02,STATUS_CHECK,192.168.1.10,13,0,NORMAL
10:16:27,PLC_02,WRITE_REGISTER,192.168.1.12,30,1,NORMAL
10:11:08,SENSOR_01,STATUS_CHECK,192.168.1.12,29,1,NORMAL
11:14:33,SENSOR_02,STATUS_CHECK,192.168.1.12,42,1,NORMAL
10:02:32,SENSOR_02,FORCE_WRITE,10.0.0.55,137,10,ATTACK
10:39:48,PLC_03,HEARTBEAT,192.168.1.10,43,0,NORMAL
11:15:36,SENSOR_01,HEARTBEAT,192.168.1.11,47,0,NORMAL
10:16:40,PLC_03,STATUS_CHECK,192.168.1.10,48,0,NORMAL
10:56:48,SENSOR_01,STATUS_CHECK,192.168.1.11,48,0,NORMAL
10:11:52,SENSOR_01,READ_SENSOR,192.168.1.11,44,0,NORMAL
10:44:24,SENSOR_02,WRITE_REGISTER,192.168.1.12,20,1,NORMAL
10:48:32,SENSOR_01,STATUS_CHECK,192.168.1.11,16,0,NORMAL
10:03:30,PLC_02,DISABLE_ALARM,192.168.9.99,104,6,ATTACK
10:01:22,PLC_03,FORCE_WRITE,192.168.9.99,153,9,ATTACK
11:30:40,PLC_02,WRITE_REGISTER,192.168.1.12,44,1,NORMAL
10:29:30,PLC_01,WRITE_REGISTER,192.168.1.10,35,1,NORMAL
10:26:20,PLC_02,READ_SENSOR,192.168.1.10,42,1,NORMAL
10:01:51,PLC_02,FORCE_WRITE,10.0.0.55,142,9,ATTACK
11:06:05,SENSOR_01,READ_SENSOR,192.168.1.12,43,1,NORMAL
10:05:20,SENSOR_02,FORCE_WRITE,10.0.0.55,157,8,ATTACK
11:19:48,PLC_02,STATUS_CHECK,192.168.1.12,26,0,NORMAL
10:25:32,PLC_02,WRITE_REGISTER,192.168.1.11,23,1,NORMAL
10:02:36,PLC_01,FORCE_WRITE,10.0.0.55,127,9,ATTACK
10:50:04,PLC_02,HEARTBEAT,192.168.1.11,18,0,NORMAL
10:38:33,PLC_01,HEARTBEAT,192.168.1.12,33,0,NORMAL
11:11:44,PLC_02,WRITE_REGISTER,192.168.1.11,27,1,NORMAL
10:39:05,PLC_01,STATUS_CHECK,192.168.1.12,15,1,NORMAL
10:02:30,SENSOR_01,HEARTBEAT,192.168.1.10,26,0,NORMAL
10:48:36,SENSOR_02,STATUS_CHECK,192.168.1.12,50,0,NORMAL
11:28:26,SENSOR_02,HEARTBEAT,192.168.1.11,22,0,NORMAL
10:14:48,SENSOR_01,READ_SENSOR,192.168.1.11,11,1,NORMAL
10:29:50,PLC_03,STATUS_CHECK,192.168.1.12,34,1,NORMAL
10:03:03,PLC_03,STOP_MOTOR,172.16.0.88,188,4,ATTACK
10:01:06,PLC_03,WRITE_REGISTER,192.168.1.12,16,1,NORMAL
10:23:44,SENSOR_02,HEARTBEAT,192.168.1.12,33,0,NORMAL
11:51:00,PLC_03,STATUS_CHECK,192.168.1.10,24,1,NORMAL
10:01:01,SENSOR_02,DISABLE_ALARM,172.16.0.88,99,7,ATTACK
10:28:20,PLC_01,WRITE_REGISTER,192.168.1.11,40,1,NORMAL
10:21:33,SENSOR_01,WRITE_REGISTER,192.168.1.11,28,0,NORMAL
10:55:06,SENSOR_02,WRITE_REGISTER,192.168.1.10,43,1,NORMAL
10:00:33,SENSOR_01,DISABLE_ALARM,10.0.0.55,169,10,ATTACK
10:27:04,SENSOR_01,STATUS_CHECK,192.168.1.12,26,1,NORMAL
11:03:00,PLC_03,STATUS_CHECK,192.168.1.10,16,1,NORMAL
10:07:45,SENSOR_02,READ_SENSOR,192.168.1.11,47,0,NORMAL
10:46:30,PLC_02,READ_SENSOR,192.168.1.12,46,1,NORMAL
10:04:32,SENSOR_01,WRITE_REGISTER,192.168.1.11,12,1,NORMAL
11:33:18,PLC_01,WRITE_REGISTER,192.168.1.10,22,1,NORMAL
10:23:40,SENSOR_01,STATUS_CHECK,192.168.1.11,38,0,NORMAL
10:02:12,SENSOR_02,STOP_MOTOR,10.0.0.55,141,7,ATTACK
11:12:20,SENSOR_02,HEARTBEAT,192.168.1.12,42,1,NORMAL
10:25:30,PLC_03,WRITE_REGISTER,192.168.1.12,25,1,NORMAL
10:07:30,SENSOR_02,HEARTBEAT,192.168.1.12,20,0,NORMAL
12:01:40,PLC_02,STATUS_CHECK,192.168.1.11,24,1,NORMAL
10:37:10,SENSOR_01,HEARTBEAT,192.168.1.10,49,0,NORMAL
10:18:48,PLC_01,HEARTBEAT,192.168.1.10,23,0,NORMAL
10:22:35,PLC_01,HEARTBEAT,192.168.1.10,28,0,NORMAL
10:39:20,SENSOR_02,READ_SENSOR,192.168.1.11,46,0,NORMAL
10:24:21,SENSOR_02,WRITE_REGISTER,192.168.1.11,32,0,NORMAL
10:07:48,PLC_02,STATUS_CHECK,192.168.1.10,44,0,NORMAL
10:07:09,SENSOR_02,OVERRIDE_VALVE,10.0.0.55,150,9,ATTACK
10:51:12,PLC_03,WRITE_REGISTER,192.168.1.11,30,1,NORMAL
10:00:50,SENSOR_01,FORCE_WRITE,192.168.9.99,118,3,ATTACK
11:28:39,PLC_02,HEARTBEAT,192.168.1.10,35,1,NORMAL
10:18:54,SENSOR_01,HEARTBEAT,192.168.1.11,47,1,NORMAL
10:15:28,SENSOR_01,STATUS_CHECK,192.168.1.11,26,0,NORMAL
11:03:04,SENSOR_01,HEARTBEAT,192.168.1.11,47,0,NORMAL
10:34:39,PLC_03,HEARTBEAT,192.168.1.12,19,0,NORMAL
10:03:48,PLC_01,WRITE_REGISTER,192.168.1.12,12,1,NORMAL
10:01:03,PLC_02,OVERRIDE_VALVE,192.168.9.99,105,4,ATTACK
10:05:36,PLC_02,STOP_MOTOR,10.0.0.55,167,8,ATTACK
10:43:03,PLC_02,READ_SENSOR,192.168.1.10,36,0,NORMAL
10:31:16,PLC_01,STATUS_CHECK,192.168.1.10,32,0,NORMAL
10:03:04,SENSOR_01,STATUS_CHECK,192.168.1.11,23,1,NORMAL
10:29:05,PLC_02,HEARTBEAT,192.168.1.11,25,0,NORMAL
10:13:00,SENSOR_01,HEARTBEAT,192.168.1.11,42,0,NORMAL
10:06:38,SENSOR_01,DISABLE_ALARM,192.168.9.99,88,10,ATTACK
10:00:34,PLC_03,STOP_MOTOR,192.168.9.99,86,3,ATTACK
11:50:24,SENSOR_01,HEARTBEAT,192.168.1.10,12,1,NORMAL
10:26:18,SENSOR_01,HEARTBEAT,192.168.1.10,17,1,NORMAL
10:29:32,PLC_01,STATUS_CHECK,192.168.1.12,16,0,NORMAL
10:56:15,SENSOR_02,WRITE_REGISTER,192.168.1.12,18,0,NORMAL
10:30:24,SENSOR_01,STATUS_CHECK,192.168.1.11,14,0,NORMAL
10:34:06,PLC_03,STATUS_CHECK,192.168.1.11,13,0,NORMAL
10:02:46,PLC_02,FORCE_WRITE,10.0.0.55,181,4,ATTACK
10:14:54,SENSOR_01,WRITE_REGISTER,192.168.1.11,22,0,NORMAL
10:08:16,SENSOR_02,READ_SENSOR,192.168.1.10,19,1,NORMAL
11:05:30,PLC_02,HEARTBEAT,192.168.1.12,22,0,NORMAL
10:06:40,PLC_01,WRITE_REGISTER,192.168.1.11,28,0,NORMAL
10:41:11,PLC_01,STATUS_CHECK,192.168.1.11,49,0,NORMAL
10:02:07,PLC_02,OVERRIDE_VALVE,192.168.9.99,84,9,ATTACK
10:16:34,PLC_03,READ_SENSOR,192.168.1.11,42,0,NORMAL
10:47:00,PLC_02,STATUS_CHECK,192.168.1.10,35,1,NORMAL
10:33:15,PLC_02,WRITE_REGISTER,192.168.1.12,43,1,NORMAL
10:31:15,PLC_01,HEARTBEAT,192.168.1.11,23,0,NORMAL
10:16:00,PLC_01,READ_SENSOR,192.168.1.10,31,1,NORMAL
10:02:51,SENSOR_02,READ_SENSOR,192.168.1.11,34,1,NORMAL
10:00:18,SENSOR_02,FORCE_WRITE,10.0.0.55,160,5,ATTACK
12:11:40,SENSOR_02,STATUS_CHECK,192.168.1.11,21,1,NORMAL
10:00:24,SENSOR_02,DISABLE_ALARM,172.16.0.88,137,4,ATTACK
10:40:42,SENSOR_02,WRITE_REGISTER,192.168.1.12,35,0,NORMAL
11:20:33,SENSOR_01,READ_SENSOR,192.168.1.11,37,0,NORMAL
10:41:20,SENSOR_01,READ_SENSOR,192.168.1.12,47,0,NORMAL
10:06:20,SENSOR_02,READ_SENSOR,192.168.1.10,44,0,NORMAL
10:17:30,PLC_02,STATUS_CHECK,192.168.1.12,42,1,NORMAL
10:16:20,SENSOR_01,STATUS_CHECK,192.168.1.10,33,1,NORMAL
10:00:56,PLC_03,OVERRIDE_VALVE,192.168.9.99,150,8,ATTACK
11:28:56,SENSOR_02,HEARTBEAT,192.168.1.12,33,1,NORMAL
10:50:16,SENSOR_01,WRITE_REGISTER,192.168.1.12,44,0,NORMAL
10:02:54,PLC_03,DISABLE_ALARM,192.168.9.99,179,9,ATTACK
10:15:24,SENSOR_01,READ_SENSOR,192.168.1.11,40,1,NORMAL
10:43:03,SENSOR_02,READ_SENSOR,192.168.1.11,26,1,NORMAL
11:40:20,SENSOR_02,STATUS_CHECK,192.168.1.11,20,1,NORMAL
11:34:50,PLC_01,HEARTBEAT,192.168.1.12,20,1,NORMAL
11:14:18,SENSOR_01,STATUS_CHECK,192.168.1.12,17,1,NORMAL
10:02:33,PLC_03,WRITE_REGISTER,192.168.1.10,42,1,NORMAL
10:14:49,SENSOR_02,READ_SENSOR,192.168.1.12,16,0,NORMAL
10:26:50,SENSOR_01,STATUS_CHECK,192.168.1.12,31,1,NORMAL
10:29:45,PLC_01,WRITE_REGISTER,192.168.1.11,38,0,NORMAL
11:27:36,SENSOR_02,READ_SENSOR,192.168.1.11,25,1,NORMAL
10:05:28,PLC_01,OVERRIDE_VALVE,172.16.0.88,133,9,ATTACK
10:12:40,SENSOR_02,WRITE_REGISTER,192.168.1.12,23,0,NORMAL
10:19:10,SENSOR_02,STATUS_CHECK,192.168.1.11,45,1,NORMAL
10:51:20,SENSOR_02,WRITE_REGISTER,192.168.1.11,16,1,NORMAL
10:50:30,PLC_02,READ_SENSOR,192.168.1.10,26,1,NORMAL
10:12:00,PLC_02,HEARTBEAT,192.168.1.10,49,1,NORMAL
10:25:05,SENSOR_02,STATUS_CHECK,192.168.1.12,12,0,NORMAL
10:37:57,SENSOR_02,READ_SENSOR,192.168.1.12,10,1,NORMAL
11:58:40,SENSOR_01,HEARTBEAT,192.168.1.12,11,1,NORMAL
11:00:15,SENSOR_02,STATUS_CHECK,192.168.1.11,37,0,NORMAL
10:34:15,PLC_03,WRITE_REGISTER,192.168.1.12,12,1,NORMAL
10:02:59,SENSOR_01,STOP_MOTOR,10.0.0.55,195,5,ATTACK
10:51:42,SENSOR_01,STATUS_CHECK,192.168.1.12,41,0,NORMAL
10:06:08,SENSOR_01,STOP_MOTOR,192.168.9.99,146,7,ATTACK
10:04:30,SENSOR_01,READ_SENSOR,192.168.1.12,25,0,NORMAL
10:03:38,SENSOR_02,STOP_MOTOR,10.0.0.55,142,4,ATTACK
10:13:05,SENSOR_01,WRITE_REGISTER,192.168.1.10,40,1,NORMAL
10:02:33,SENSOR_02,STOP_MOTOR,192.168.9.99,142,6,ATTACK
10:28:30,PLC_03,WRITE_REGISTER,192.168.1.12,32,0,NORMAL
10:01:36,SENSOR_02,STATUS_CHECK,192.168.1.12,47,1,NORMAL
11:16:39,PLC_02,WRITE_REGISTER,192.168.1.10,45,1,NORMAL
10:06:24,PLC_01,READ_SENSOR,192.168.1.11,49,0,NORMAL
10:05:42,SENSOR_01,STOP_MOTOR,172.16.0.88,118,8,ATTACK
10:04:40,SENSOR_02,OVERRIDE_VALVE,10.0.0.55,91,7,ATTACK
11:00:05,PLC_03,STATUS_CHECK,192.168.1.10,45,1,NORMAL
10:02:32,PLC_02,OVERRIDE_VALVE,192.168.9.99,163,8,ATTACK
11:04:00,PLC_03,READ_SENSOR,192.168.1.11,20,0,NORMAL
10:28:18,PLC_03,STATUS_CHECK,192.168.1.11,46,0,NORMAL
11:23:46,PLC_02,READ_SENSOR,192.168.1.10,46,0,NORMAL
10:02:34,PLC_01,STOP_MOTOR,10.0.0.55,156,3,ATTACK
10:37:30,PLC_03,READ_SENSOR,192.168.1.11,16,0,NORMAL
10:04:20,PLC_01,WRITE_REGISTER,192.168.1.10,40,0,NORMAL
10:05:08,PLC_01,STOP_MOTOR,192.168.9.99,133,5,ATTACK
11:05:33,PLC_01,READ_SENSOR,192.168.1.10,26,0,NORMAL
10:02:31,SENSOR_02,FORCE_WRITE,172.16.0.88,160,6,ATTACK
10:30:20,SENSOR_01,STATUS_CHECK,192.168.1.11,38,1,NORMAL
10:22:54,PLC_01,WRITE_REGISTER,192.168.1.11,22,0,NORMAL
10:05:33,PLC_02,STATUS_CHECK,192.168.1.11,25,0,NORMAL
10:02:45,PLC_03,FORCE_WRITE,172.16.0.88,183,6,ATTACK
10:37:24,PLC_03,WRITE_REGISTER,192.168.1.12,43,0,NORMAL
10:39:05,SENSOR_01,READ_SENSOR,192.168.1.11,18,0,NORMAL
10:05:34,PLC_03,FORCE_WRITE,192.168.9.99,94,8,ATTACK
10:02:30,PLC_01,STOP_MOTOR,10.0.0.55,162,5,ATTACK
10:46:56,PLC_02,WRITE_REGISTER,192.168.1.12,37,0,NORMAL
10:00:41,PLC_02,DISABLE_ALARM,10.0.0.55,111,3,ATTACK
10:16:10,PLC_03,READ_SENSOR,192.168.1.10,36,0,NORMAL
10:00:54,SENSOR_01,DISABLE_ALARM,172.16.0.88,117,10,ATTACK
10:02:08,PLC_02,STOP_MOTOR,192.168.9.99,153,9,ATTACK
10:58:41,PLC_02,READ_SENSOR,192.168.1.10,18,0,NORMAL
10:05:38,SENSOR_01,DISABLE_ALARM,192.168.9.99,162,5,ATTACK
10:01:30,SENSOR_01,DISABLE_ALARM,192.168.9.99,113,4,ATTACK
10:57:54,PLC_03,READ_SENSOR,192.168.1.10,16,0,NORMAL
10:05:36,SENSOR_01,STOP_MOTOR,192.168.9.99,104,8,ATTACK
10:08:06,PLC_03,READ_SENSOR,192.168.1.11,32,1,NORMAL
10:01:48,PLC_01,FORCE_WRITE,172.16.0.88,129,6,ATTACK
10:12:40,SENSOR_01,HEARTBEAT,192.168.1.11,31,1,NORMAL
10:00:02,PLC_01,OVERRIDE_VALVE,10.0.0.55,143,5,ATTACK
10:06:26,SENSOR_01,OVERRIDE_VALVE,172.16.0.88,156,10,ATTACK
11:53:15,SENSOR_02,HEARTBEAT,192.168.1.11,12,1,NORMAL
10:14:48,PLC_03,STATUS_CHECK,192.168.1.12,10,0,NORMAL
10:33:54,SENSOR_02,HEARTBEAT,192.168.1.12,15,1,NORMAL
11:43:12,SENSOR_01,STATUS_CHECK,192.168.1.12,13,0,NORMAL
10:06:52,PLC_03,READ_SENSOR,192.168.1.12,12,1,NORMAL
11:03:09,PLC_02,WRITE_REGISTER,192.168.1.11,29,1,NORMAL
10:55:52,SENSOR_01,READ_SENSOR,192.168.1.11,36,1,NORMAL
11:02:30,SENSOR_02,STATUS_CHECK,192.168.1.10,31,1,NORMAL
11:27:54,SENSOR_02,HEARTBEAT,192.168.1.12,30,1,NORMAL
12:10:00,SENSOR_01,HEARTBEAT,192.168.1.10,31,1,NORMAL
11:07:12,SENSOR_01,WRITE_REGISTER,192.168.1.12,31,0,NORMAL
10:07:56,PLC_02,STATUS_CHECK,192.168.1.10,33,0,NORMAL
10:04:25,PLC_03,STATUS_CHECK,192.168.1.12,23,1,NORMAL
10:07:33,PLC_03,STATUS_CHECK,192.168.1.12,47,1,NORMAL
11:07:10,PLC_01,READ_SENSOR,192.168.1.12,20,0,NORMAL
10:02:25,PLC_02,OVERRIDE_VALVE,172.16.0.88,86,9,ATTACK
10:24:09,SENSOR_02,STATUS_CHECK,192.168.1.11,16,0,NORMAL
11:27:44,SENSOR_01,WRITE_REGISTER,192.168.1.12,49,0,NORMAL
10:01:26,SENSOR_01,FORCE_WRITE,10.0.0.55,100,3,ATTACK
11:41:36,SENSOR_02,STATUS_CHECK,192.168.1.12,35,0,NORMAL
10:00:48,PLC_01,READ_SENSOR,192.168.1.12,24,1,NORMAL
10:00:21,SENSOR_02,OVERRIDE_VALVE,10.0.0.55,125,8,ATTACK
10:03:36,PLC_02,WRITE_REGISTER,192.168.1.12,38,0,NORMAL
10:52:44,SENSOR_02,READ_SENSOR,192.168.1.12,18,1,NORMAL
11:37:39,SENSOR_01,STATUS_CHECK,192.168.1.11,40,1,NORMAL
10:37:57,PLC_02,WRITE_REGISTER,192.168.1.12,18,1,NORMAL
10:15:09,SENSOR_01,STATUS_CHECK,192.168.1.12,29,1,NORMAL
11:02:10,SENSOR_02,READ_SENSOR,192.168.1.12,19,0,NORMAL
11:25:39,SENSOR_02,STATUS_CHECK,192.168.1.12,28,1,NORMAL
11:33:27,SENSOR_02,HEARTBEAT,192.168.1.10,30,0,NORMAL
11:13:12,SENSOR_02,WRITE_REGISTER,192.168.1.12,18,1,NORMAL
10:03:02,PLC_02,OVERRIDE_VALVE,10.0.0.55,90,10,ATTACK
10:17:28,PLC_03,WRITE_REGISTER,192.168.1.11,17,0,NORMAL
11:11:10,PLC_01,HEARTBEAT,192.168.1.10,31,1,NORMAL
10:24:45,SENSOR_01,READ_SENSOR,192.168.1.10,43,0,NORMAL
10:48:18,PLC_02,HEARTBEAT,192.168.1.12,50,0,NORMAL
10:10:00,PLC_03,HEARTBEAT,192.168.1.11,42,1,NORMAL
11:45:04,PLC_02,READ_SENSOR,192.168.1.10,15,1,NORMAL
10:53:20,SENSOR_01,READ_SENSOR,192.168.1.12,49,0,NORMAL
10:02:58,SENSOR_02,OVERRIDE_VALVE,192.168.9.99,86,9,ATTACK
11:04:10,PLC_02,HEARTBEAT,192.168.1.10,15,0,NORMAL
10:02:52,PLC_03,DISABLE_ALARM,10.0.0.55,199,4,ATTACK
10:40:40,SENSOR_01,HEARTBEAT,192.168.1.10,15,0,NORMAL
10:14:42,PLC_01,HEARTBEAT,192.168.1.10,19,1,NORMAL
10:12:10,PLC_03,READ_SENSOR,192.168.1.12,36,0,NORMAL
10:48:00,PLC_02,HEARTBEAT,192.168.1.11,32,0,NORMAL
10:02:11,SENSOR_02,DISABLE_ALARM,172.16.0.88,120,9,ATTACK
11:50:51,PLC_02,HEARTBEAT,192.168.1.11,32,1,NORMAL
10:32:57,PLC_02,HEARTBEAT,192.168.1.11,20,0,NORMAL
10:52:12,SENSOR_01,STATUS_CHECK,192.168.1.10,35,0,NORMAL
10:23:09,SENSOR_01,WRITE_REGISTER,192.168.1.11,16,0,NORMAL
10:54:10,PLC_03,WRITE_REGISTER,192.168.1.12,13,1,NORMAL
10:18:36,SENSOR_01,HEARTBEAT,192.168.1.10,33,0,NORMAL
10:14:21,SENSOR_01,READ_SENSOR,192.168.1.10,35,1,NORMAL
10:00:53,SENSOR_01,FORCE_WRITE,172.16.0.88,97,7,ATTACK
11:00:48,SENSOR_01,STATUS_CHECK,192.168.1.12,43,1,NORMAL
10:23:50,SENSOR_01,READ_SENSOR,192.168.1.10,43,1,NORMAL
10:02:38,PLC_03,FORCE_WRITE,172.16.0.88,132,6,ATTACK
10:32:50,PLC_01,READ_SENSOR,192.168.1.11,35,1,NORMAL
10:40:36,PLC_01,STATUS_CHECK,192.168.1.12,48,1,NORMAL
10:46:30,SENSOR_02,HEARTBEAT,192.168.1.10,38,1,NORMAL
10:39:04,SENSOR_02,STATUS_CHECK,192.168.1.11,45,0,NORMAL
10:53:20,PLC_03,HEARTBEAT,192.168.1.10,33,1,NORMAL
10:20:20,SENSOR_01,HEARTBEAT,192.168.1.11,21,0,NORMAL
10:12:12,PLC_01,WRITE_REGISTER,192.168.1.12,18,1,NORMAL
10:30:18,PLC_03,HEARTBEAT,192.168.1.11,36,0,NORMAL
10:43:48,SENSOR_01,STATUS_CHECK,192.168.1.11,39,0,NORMAL
10:20:30,PLC_02,STATUS_CHECK,192.168.1.11,22,0,NORMAL
11:02:15,PLC_03,STATUS_CHECK,192.168.1.10,15,0,NORMAL
10:06:36,SENSOR_02,STOP_MOTOR,172.16.0.88,93,10,ATTACK
10:51:00,PLC_02,HEARTBEAT,192.168.1.12,20,0,NORMAL
10:03:32,PLC_02,FORCE_WRITE,192.168.9.99,139,3,ATTACK
10:00:35,PLC_01,FORCE_WRITE,10.0.0.55,96,10,ATTACK
10:01:27,SENSOR_02,STOP_MOTOR,172.16.0.88,179,9,ATTACK
10:08:36,PLC_02,READ_SENSOR,192.168.1.11,38,1,NORMAL
10:31:51,PLC_01,HEARTBEAT,192.168.1.11,34,0,NORMAL
10:26:48,PLC_01,READ_SENSOR,192.168.1.11,34,1,NORMAL
11:31:28,PLC_01,HEARTBEAT,192.168.1.12,31,0,NORMAL
11:29:50,SENSOR_02,READ_SENSOR,192.168.1.10,50,1,NORMAL
11:38:00,PLC_02,READ_SENSOR,192.168.1.12,23,1,NORMAL
10:03:46,PLC_03,OVERRIDE_VALVE,172.16.0.88,115,3,ATTACK
10:10:57,PLC_02,STATUS_CHECK,192.168.1.10,18,1,NORMAL
11:14:47,PLC_01,READ_SENSOR,192.168.1.11,22,0,NORMAL
10:01:55,PLC_02,FORCE_WRITE,10.0.0.55,164,5,ATTACK
10:37:36,PLC_02,HEARTBEAT,192.168.1.10,48,0,NORMAL
10:00:12,PLC_01,DISABLE_ALARM,192.168.9.99,124,6,ATTACK
10:03:58,PLC_02,OVERRIDE_VALVE,10.0.0.55,88,4,ATTACK
10:41:36,SENSOR_01,STATUS_CHECK,192.168.1.12,21,1,NORMAL
10:02:28,PLC_03,FORCE_WRITE,10.0.0.55,132,9,ATTACK
11:16:00,PLC_03,HEARTBEAT,192.168.1.11,16,0,NORMAL
10:45:02,SENSOR_01,HEARTBEAT,192.168.1.12,32,1,NORMAL
10:08:36,SENSOR_02,STOP_MOTOR,192.168.9.99,153,8,ATTACK
10:33:56,SENSOR_02,READ_SENSOR,192.168.1.10,42,0,NORMAL
10:40:03,SENSOR_01,READ_SENSOR,192.168.1.12,34,1,NORMAL
10:00:38,PLC_02,OVERRIDE_VALVE,172.16.0.88,187,5,ATTACK
11:13:30,PLC_02,HEARTBEAT,192.168.1.11,40,0,NORMAL
10:33:04,PLC_01,STATUS_CHECK,192.168.1.10,12,0,NORMAL
10:07:28,PLC_02,HEARTBEAT,192.168.1.11,45,0,NORMAL
10:57:35,PLC_02,READ_SENSOR,192.168.1.11,12,1,NORMAL
10:38:40,PLC_01,HEARTBEAT,192.168.1.11,50,1,NORMAL
10:02:18,PLC_01,OVERRIDE_VALVE,172.16.0.88,92,4,ATTACK
11:10:49,SENSOR_01,HEARTBEAT,192.168.1.11,39,1,NORMAL
11:18:17,SENSOR_02,WRITE_REGISTER,192.168.1.10,17,1,NORMAL
10:37:18,SENSOR_02,STATUS_CHECK,192.168.1.12,48,1,NORMAL
10:06:02,PLC_02,STOP_MOTOR,172.16.0.88,166,5,ATTACK
10:00:42,SENSOR_01,STOP_MOTOR,172.16.0.88,165,6,ATTACK
10:27:11,SENSOR_02,READ_SENSOR,192.168.1.11,42,0,NORMAL
11:05:25,SENSOR_01,STATUS_CHECK,192.168.1.11,23,1,NORMAL
11:41:24,SENSOR_02,STATUS_CHECK,192.168.1.12,34,1,NORMAL
10:42:16,SENSOR_02,STATUS_CHECK,192.168.1.10,34,1,NORMAL
11:26:24,SENSOR_01,READ_SENSOR,192.168.1.10,12,0,NORMAL
10:27:20,SENSOR_01,WRITE_REGISTER,192.168.1.10,31,1,NORMAL
10:04:54,SENSOR_01,OVERRIDE_VALVE,10.0.0.55,85,6,ATTACK
11:46:21,PLC_03,READ_SENSOR,192.168.1.11,17,0,NORMAL
10:29:50,PLC_03,HEARTBEAT,192.168.1.10,23,1,NORMAL
10:38:42,PLC_01,STATUS_CHECK,192.168.1.10,11,1,NORMAL
12:04:00,SENSOR_01,WRITE_REGISTER,192.168.1.12,20,1,NORMAL
11:34:03,SENSOR_01,HEARTBEAT,192.168.1.11,34,0,NORMAL
11:45:20,SENSOR_02,STATUS_CHECK,192.168.1.11,18,1,NORMAL
10:14:06,PLC_02,HEARTBEAT,192.168.1.10,18,0,NORMAL
10:56:24,SENSOR_02,HEARTBEAT,192.168.1.10,32,1,NORMAL
10:44:48,PLC_01,WRITE_REGISTER,192.168.1.10,17,1,NORMAL
10:26:08,PLC_01,HEARTBEAT,192.168.1.10,30,0,NORMAL
10:02:33,PLC_02,STOP_MOTOR,172.16.0.88,153,7,ATTACK
10:00:28,PLC_02,OVERRIDE_VALVE,192.168.9.99,96,6,ATTACK
11:18:40,PLC_01,READ_SENSOR,192.168.1.11,42,1,NORMAL
10:17:21,PLC_03,STATUS_CHECK,192.168.1.12,22,0,NORMAL
10:42:05,PLC_03,WRITE_REGISTER,192.168.1.12,27,0,NORMAL
11:14:33,SENSOR_01,READ_SENSOR,192.168.1.12,43,1,NORMAL
10:06:14,PLC_01,FORCE_WRITE,192.168.9.99,100,7,ATTACK
10:02:08,PLC_03,DISABLE_ALARM,192.168.9.99,175,6,ATTACK
10:03:30,SENSOR_02,STOP_MOTOR,10.0.0.55,101,3,ATTACK
11:22:32,PLC_03,STATUS_CHECK,192.168.1.12,28,1,NORMAL
10:00:55,SENSOR_02,OVERRIDE_VALVE,172.16.0.88,124,8,ATTACK
10:00:09,SENSOR_02,STOP_MOTOR,10.0.0.55,92,5,ATTACK
11:47:30,PLC_02,READ_SENSOR,192.168.1.12,14,0,NORMAL
10:00:46,SENSOR_01,FORCE_WRITE,192.168.9.99,101,7,ATTACK
11:23:24,SENSOR_01,STATUS_CHECK,192.168.1.10,45,1,NORMAL
10:02:37,SENSOR_01,STOP_MOTOR,10.0.0.55,140,5,ATTACK
11:26:33,PLC_02,STATUS_CHECK,192.168.1.11,33,0,NORMAL
10:53:00,PLC_03,STATUS_CHECK,192.168.1.12,26,0,NORMAL
10:14:10,PLC_01,STATUS_CHECK,192.168.1.10,27,1,NORMAL
10:28:14,PLC_03,WRITE_REGISTER,192.168.1.11,15,0,NORMAL
11:33:04,PLC_03,STATUS_CHECK,192.168.1.10,49,1,NORMAL
10:23:51,PLC_03,HEARTBEAT,192.168.1.12,12,0,NORMAL
11:01:08,PLC_03,STATUS_CHECK,192.168.1.11,30,1,NORMAL
10:02:20,PLC_01,HEARTBEAT,192.168.1.12,31,0,NORMAL
11:21:00,SENSOR_02,HEARTBEAT,192.168.1.10,15,1,NORMAL
10:19:50,PLC_01,HEARTBEAT,192.168.1.11,10,0,NORMAL
11:38:06,PLC_03,READ_SENSOR,192.168.1.12,18,1,NORMAL
10:03:00,SENSOR_02,STOP_MOTOR,192.168.9.99,135,7,ATTACK
10:00:57,SENSOR_02,OVERRIDE_VALVE,10.0.0.55,117,7,ATTACK
10:02:21,PLC_01,DISABLE_ALARM,192.168.9.99,81,3,ATTACK
10:02:24,PLC_02,FORCE_WRITE,172.16.0.88,191,5,ATTACK
11:01:05,PLC_02,WRITE_REGISTER,192.168.1.12,40,1,NORMAL
10:11:05,SENSOR_01,STATUS_CHECK,192.168.1.10,39,1,NORMAL
11:15:04,PLC_03,READ_SENSOR,192.168.1.12,10,0,NORMAL
10:32:00,PLC_03,STATUS_CHECK,192.168.1.11,36,1,NORMAL
11:01:50,PLC_02,WRITE_REGISTER,192.168.1.11,48,0,NORMAL
11:06:58,SENSOR_02,HEARTBEAT,192.168.1.10,16,0,NORMAL
11:09:00,PLC_02,STATUS_CHECK,192.168.1.11,21,0,NORMAL
10:38:20,PLC_01,READ_SENSOR,192.168.1.10,28,0,NORMAL
11:13:44,PLC_01,READ_SENSOR,192.168.1.10,47,0,NORMAL
10:01:28,PLC_03,STOP_MOTOR,10.0.0.55,149,5,ATTACK
10:27:28,PLC_01,HEARTBEAT,192.168.1.11,37,0,NORMAL
11:05:20,PLC_02,STATUS_CHECK,192.168.1.10,18,1,NORMAL
11:45:52,PLC_01,READ_SENSOR,192.168.1.12,23,1,NORMAL
10:19:51,SENSOR_02,HEARTBEAT,192.168.1.10,11,1,NORMAL
11:16:36,SENSOR_02,HEARTBEAT,192.168.1.11,45,0,NORMAL
10:02:24,SENSOR_01,OVERRIDE_VALVE,10.0.0.55,178,4,ATTACK
10:28:56,SENSOR_01,READ_SENSOR,192.168.1.11,47,1,NORMAL
10:00:12,PLC_02,HEARTBEAT,192.168.1.11,27,0,NORMAL
11:55:12,PLC_01,READ_SENSOR,192.168.1.11,24,1,NORMAL
11:14:54,SENSOR_02,WRITE_REGISTER,192.168.1.11,36,1,NORMAL
10:02:09,PLC_01,OVERRIDE_VALVE,10.0.0.55,190,10,ATTACK
10:51:00,SENSOR_02,WRITE_REGISTER,192.168.1.10,48,1,NORMAL
11:50:42,SENSOR_01,STATUS_CHECK,192.168.1.12,14,1,NORMAL
10:36:24,PLC_02,WRITE_REGISTER,192.168.1.11,44,0,NORMAL
11:36:40,PLC_02,STATUS_CHECK,192.168.1.11,39,1,NORMAL
11:42:27,PLC_02,READ_SENSOR,192.168.1.12,13,0,NORMAL
10:04:54,PLC_01,WRITE_REGISTER,192.168.1.10,11,0,NORMAL
10:00:04,PLC_02,FORCE_WRITE,10.0.0.55,187,4,ATTACK
10:48:28,PLC_03,WRITE_REGISTER,192.168.1.12,22,1,NORMAL
10:47:45,PLC_01,STATUS_CHECK,192.168.1.10,37,0,NORMAL
10:47:22,SENSOR_02,READ_SENSOR,192.168.1.10,30,0,NORMAL
11:15:18,PLC_01,HEARTBEAT,192.168.1.12,48,0,NORMAL
10:04:42,PLC_03,HEARTBEAT,192.168.1.10,29,1,NORMAL
10:03:44,SENSOR_01,WRITE_REGISTER,192.168.1.12,18,1,NORMAL
10:51:56,SENSOR_02,STATUS_CHECK,192.168.1.12,46,1,NORMAL
10:00:39,PLC_03,DISABLE_ALARM,192.168.9.99,149,10,ATTACK
10:30:00,SENSOR_02,STATUS_CHECK,192.168.1.11,42,1,NORMAL
10:22:20,PLC_01,HEARTBEAT,192.168.1.12,29,1,NORMAL
10:03:09,SENSOR_02,HEARTBEAT,192.168.1.10,44,0,NORMAL
10:04:00,SENSOR_02,OVERRIDE_VALVE,192.168.9.99,84,10,ATTACK
10:19:10,PLC_01,WRITE_REGISTER,192.168.1.12,41,1,NORMAL
10:40:45,PLC_01,HEARTBEAT,192.168.1.11,37,1,NORMAL
11:17:12,PLC_01,WRITE_REGISTER,192.168.1.12,20,0,NORMAL
10:31:30,SENSOR_02,HEARTBEAT,192.168.1.10,24,1,NORMAL
10:28:48,SENSOR_02,STATUS_CHECK,192.168.1.12,41,0,NORMAL
10:27:52,PLC_01,READ_SENSOR,192.168.1.11,45,0,NORMAL
11:52:20,PLC_01,READ_SENSOR,192.168.1.12,37,1,NORMAL
10:39:06,SENSOR_01,STATUS_CHECK,192.168.1.11,41,1,NORMAL
10:59:12,PLC_01,HEARTBEAT,192.168.1.11,33,0,NORMAL
11:14:42,SENSOR_01,READ_SENSOR,192.168.1.12,44,0,NORMAL
10:16:06,PLC_02,HEARTBEAT,192.168.1.12,41,0,NORMAL
10:09:18,PLC_02,STATUS_CHECK,192.168.1.10,16,1,NORMAL
10:39:15,SENSOR_02,STATUS_CHECK,192.168.1.12,36,1,NORMAL
10:32:21,PLC_01,WRITE_REGISTER,192.168.1.10,28,1,NORMAL
10:12:48,PLC_03,READ_SENSOR,192.168.1.10,25,0,NORMAL
10:08:48,PLC_01,FORCE_WRITE,10.0.0.55,91,10,ATTACK
10:34:40,PLC_02,WRITE_REGISTER,192.168.1.11,41,0,NORMAL
10:01:16,SENSOR_01,STOP_MOTOR,10.0.0.55,90,5,ATTACK
10:08:06,SENSOR_01,DISABLE_ALARM,192.168.9.99,193,6,ATTACK
10:07:28,PLC_02,WRITE_REGISTER,192.168.1.10,22,1,NORMAL
10:00:24,PLC_03,FORCE_WRITE,172.16.0.88,162,9,ATTACK
10:01:38,PLC_01,WRITE_REGISTER,192.168.1.12,30,0,NORMAL
10:10:24,SENSOR_01,READ_SENSOR,192.168.1.12,39,0,NORMAL
10:04:00,SENSOR_01,READ_SENSOR,192.168.1.10,34,0,NORMAL
11:13:48,PLC_03,READ_SENSOR,192.168.1.10,41,1,NORMAL
10:31:35,SENSOR_01,READ_SENSOR,192.168.1.12,36,1,NORMAL
10:24:56,SENSOR_02,STATUS_CHECK,192.168.1.10,35,1,NORMAL
11:54:27,SENSOR_02,HEARTBEAT,192.168.1.10,33,1,NORMAL
10:36:00,SENSOR_01,STATUS_CHECK,192.168.1.10,42,0,NORMAL
11:58:39,PLC_02,WRITE_REGISTER,192.168.1.10,43,1,NORMAL
10:06:04,PLC_01,WRITE_REGISTER,192.168.1.11,17,0,NORMAL
10:03:54,PLC_02,FORCE_WRITE,192.168.9.99,118,6,ATTACK
10:39:19,PLC_02,READ_SENSOR,192.168.1.12,47,0,NORMAL
11:27:16,PLC_01,WRITE_REGISTER,192.168.1.11,48,1,NORMAL
11:59:50,SENSOR_02,READ_SENSOR,192.168.1.11,14,1,NORMAL
10:36:12,PLC_03,WRITE_REGISTER,192.168.1.10,37,1,NORMAL
10:44:15,SENSOR_02,READ_SENSOR,192.168.1.10,30,0,NORMAL
11:21:47,PLC_01,STATUS_CHECK,192.168.1.12,42,1,NORMAL
10:41:50,PLC_02,WRITE_REGISTER,192.168.1.11,40,0,NORMAL
11:36:48,PLC_03,HEARTBEAT,192.168.1.12,16,0,NORMAL
10:53:47,PLC_02,STATUS_CHECK,192.168.1.10,39,1,NORMAL
11:08:15,SENSOR_01,WRITE_REGISTER,192.168.1.11,50,0,NORMAL
10:03:16,SENSOR_01,STOP_MOTOR,10.0.0.55,119,10,ATTACK
10:00:45,PLC_03,STOP_MOTOR,192.168.9.99,101,9,ATTACK
10:02:04,SENSOR_01,FORCE_WRITE,192.168.9.99,92,4,ATTACK
10:17:56,SENSOR_02,STATUS_CHECK,192.168.1.10,12,1,NORMAL
10:13:24,PLC_01,WRITE_REGISTER,192.168.1.11,38,0,NORMAL
10:10:44,PLC_01,HEARTBEAT,192.168.1.10,29,0,NORMAL
10:37:00,PLC_03,STATUS_CHECK,192.168.1.11,18,0,NORMAL
11:49:21,SENSOR_02,WRITE_REGISTER,192.168.1.10,45,1,NORMAL
11:06:50,SENSOR_02,WRITE_REGISTER,192.168.1.12,24,1,NORMAL
11:57:00,PLC_01,STATUS_CHECK,192.168.1.12,22,1,NORMAL
10:55:32,PLC_03,WRITE_REGISTER,192.168.1.12,41,1,NORMAL
10:00:42,SENSOR_02,FORCE_WRITE,172.16.0.88,136,5,ATTACK
12:08:30,PLC_01,WRITE_REGISTER,192.168.1.12,43,1,NORMAL
10:15:45,SENSOR_01,READ_SENSOR,192.168.1.11,33,1,NORMAL
11:24:45,PLC_03,HEARTBEAT,192.168.1.10,40,0,NORMAL
10:38:54,PLC_02,READ_SENSOR,192.168.1.11,45,1,NORMAL
10:00:04,SENSOR_02,READ_SENSOR,192.168.1.12,37,0,NORMAL
10:06:51,SENSOR_02,OVERRIDE_VALVE,10.0.0.55,186,10,ATTACK
10:03:02,PLC_01,DISABLE_ALARM,10.0.0.55,171,4,ATTACK
11:14:48,PLC_03,WRITE_REGISTER,192.168.1.12,15,1,NORMAL
10:05:20,SENSOR_01,WRITE_REGISTER,192.168.1.10,43,1,NORMAL
10:30:45,PLC_01,STATUS_CHECK,192.168.1.10,45,0,NORMAL
10:05:06,PLC_03,HEARTBEAT,192.168.1.11,39,0,NORMAL
10:38:45,PLC_01,READ_SENSOR,192.168.1.12,28,1,NORMAL
10:25:24,SENSOR_01,WRITE_REGISTER,192.168.1.11,20,1,NORMAL
10:49:49,PLC_03,WRITE_REGISTER,192.168.1.11,30,0,NORMAL
10:37:50,SENSOR_02,HEARTBEAT,192.168.1.11,48,0,NORMAL
10:30:30,SENSOR_02,HEARTBEAT,192.168.1.12,18,0,NORMAL
10:15:10,PLC_02,STATUS_CHECK,192.168.1.11,41,0,NORMAL
10:22:36,SENSOR_01,STATUS_CHECK,192.168.1.12,40,0,NORMAL
10:03:14,PLC_03,STOP_MOTOR,10.0.0.55,101,8,ATTACK
11:24:36,SENSOR_01,HEARTBEAT,192.168.1.10,36,1,NORMAL
10:57:30,PLC_02,HEARTBEAT,192.168.1.11,22,0,NORMAL
11:43:28,PLC_03,WRITE_REGISTER,192.168.1.12,22,1,NORMAL
10:12:03,PLC_03,READ_SENSOR,192.168.1.11,16,1,NORMAL
10:01:44,PLC_01,WRITE_REGISTER,192.168.1.10,30,1,NORMAL
10:21:00,SENSOR_01,WRITE_REGISTER,192.168.1.11,33,1,NORMAL
11:20:00,SENSOR_01,HEARTBEAT,192.168.1.12,17,0,NORMAL
10:45:09,PLC_03,HEARTBEAT,192.168.1.11,16,1,NORMAL
10:45:30,PLC_03,READ_SENSOR,192.168.1.12,22,1,NORMAL
10:27:40,PLC_03,READ_SENSOR,192.168.1.11,28,0,NORMAL
10:00:40,PLC_02,FORCE_WRITE,10.0.0.55,186,3,ATTACK
10:09:36,PLC_01,STOP_MOTOR,10.0.0.55,86,4,ATTACK
11:15:22,PLC_02,HEARTBEAT,192.168.1.11,26,1,NORMAL
10:00:18,SENSOR_01,FORCE_WRITE,192.168.9.99,111,7,ATTACK
11:12:36,PLC_02,HEARTBEAT,192.168.1.10,24,1,NORMAL
10:03:00,PLC_03,DISABLE_ALARM,172.16.0.88,191,7,ATTACK
10:42:00,SENSOR_01,STATUS_CHECK,192.168.1.12,43,1,NORMAL
10:01:02,PLC_02,FORCE_WRITE,10.0.0.55,163,7,ATTACK
10:32:24,PLC_03,HEARTBEAT,192.168.1.10,48,0,NORMAL
10:47:10,SENSOR_01,READ_SENSOR,192.168.1.10,28,0,NORMAL
10:03:45,PLC_03,OVERRIDE_VALVE,172.16.0.88,149,6,ATTACK
11:33:40,PLC_01,STATUS_CHECK,192.168.1.10,25,0,NORMAL
11:54:20,PLC_01,WRITE_REGISTER,192.168.1.12,45,1,NORMAL
10:09:27,PLC_03,WRITE_REGISTER,192.168.1.10,46,0,NORMAL
10:52:08,SENSOR_01,WRITE_REGISTER,192.168.1.12,24,1,NORMAL
10:34:57,PLC_01,STATUS_CHECK,192.168.1.11,25,0,NORMAL
10:47:30,SENSOR_01,WRITE_REGISTER,192.168.1.11,27,1,NORMAL
10:45:24,PLC_03,HEARTBEAT,192.168.1.12,46,1,NORMAL
10:25:30,PLC_01,WRITE_REGISTER,192.168.1.10,40,1,NORMAL
10:04:50,SENSOR_01,WRITE_REGISTER,192.168.1.10,29,1,NORMAL
10:31:36,SENSOR_01,STATUS_CHECK,192.168.1.10,44,1,NORMAL
11:33:20,PLC_02,STATUS_CHECK,192.168.1.12,14,0,NORMAL
10:02:48,SENSOR_01,FORCE_WRITE,172.16.0.88,197,5,ATTACK
11:02:15,PLC_03,WRITE_REGISTER,192.168.1.12,35,0,NORMAL
10:33:36,SENSOR_02,HEARTBEAT,192.168.1.11,28,1,NORMAL
10:02:48,PLC_01,STATUS_CHECK,192.168.1.11,20,1,NORMAL
10:31:18,PLC_02,STATUS_CHECK,192.168.1.10,13,1,NORMAL
11:08:51,SENSOR_01,HEARTBEAT,192.168.1.12,38,1,NORMAL
10:16:00,PLC_03,WRITE_REGISTER,192.168.1.12,15,1,NORMAL
10:46:00,SENSOR_01,STATUS_CHECK,192.168.1.12,27,0,NORMAL
10:02:35,PLC_03,OVERRIDE_VALVE,10.0.0.55,175,8,ATTACK
10:25:28,PLC_02,READ_SENSOR,192.168.1.11,19,0,NORMAL
10:38:30,SENSOR_02,WRITE_REGISTER,192.168.1.11,25,1,NORMAL
10:00:10,PLC_03,FORCE_WRITE,10.0.0.55,126,7,ATTACK
10:27:32,SENSOR_02,STATUS_CHECK,192.168.1.10,14,0,NORMAL
10:57:17,PLC_01,STATUS_CHECK,192.168.1.10,43,0,NORMAL
10:17:09,SENSOR_01,HEARTBEAT,192.168.1.10,28,0,NORMAL
10:51:16,SENSOR_02,READ_SENSOR,192.168.1.12,34,1,NORMAL
10:41:04,PLC_02,HEARTBEAT,192.168.1.10,27,1,NORMAL
11:06:06,SENSOR_02,HEARTBEAT,192.168.1.11,25,0,NORMAL
10:15:10,PLC_01,WRITE_REGISTER,192.168.1.11,28,1,NORMAL
11:28:24,PLC_01,HEARTBEAT,192.168.1.12,11,0,NORMAL
10:03:33,PLC_02,DISABLE_ALARM,172.16.0.88,93,8,ATTACK
10:09:54,PLC_02,HEARTBEAT,192.168.1.12,17,0,NORMAL
11:02:00,PLC_02,WRITE_REGISTER,192.168.1.10,18,1,NORMAL
10:13:03,PLC_02,WRITE_REGISTER,192.168.1.10,36,1,NORMAL
10:38:10,PLC_02,HEARTBEAT,192.168.1.12,42,1,NORMAL
10:49:30,PLC_03,WRITE_REGISTER,192.168.1.11,44,1,NORMAL
10:24:58,PLC_03,READ_SENSOR,192.168.1.10,19,0,NORMAL
11:09:54,PLC_02,WRITE_REGISTER,192.168.1.10,23,0,NORMAL
10:14:07,PLC_02,HEARTBEAT,192.168.1.10,10,1,NORMAL
11:11:38,SENSOR_01,HEARTBEAT,192.168.1.11,12,0,NORMAL
10:02:20,SENSOR_02,READ_SENSOR,192.168.1.12,17,1,NORMAL
10:35:00,PLC_03,HEARTBEAT,192.168.1.10,34,1,NORMAL
10:08:17,SENSOR_01,STATUS_CHECK,192.168.1.11,28,0,NORMAL
10:08:50,SENSOR_01,WRITE_REGISTER,192.168.1.12,43,1,NORMAL
10:36:00,PLC_02,HEARTBEAT,192.168.1.12,40,0,NORMAL
10:03:00,PLC_02,FORCE_WRITE,172.16.0.88,88,9,ATTACK
10:21:45,PLC_03,READ_SENSOR,192.168.1.10,25,1,NORMAL
10:15:18,SENSOR_01,WRITE_REGISTER,192.168.1.10,47,0,NORMAL
