timestamp,device,command,source_ip,packet_rate,auth_attempts,same_ip_count,attack_type,device_encoded,command_encoded,ip_encoded,predicted_attack,confidence,mitre_id,severity
11:00:47,SENSOR_01,READ_SENSOR,192.168.1.10,38,0,4,NORMAL,3,4,3,NORMAL,100.0,N/A,NONE
10:03:05,PLC_03,FORCE_WRITE,192.168.1.10,66,1,1,SPOOFING,2,1,3,SPOOFING,100.0,T0831,CRITICAL
10:01:20,SENSOR_01,FORCE_WRITE,192.168.1.10,78,0,1,SPOOFING,3,1,3,SPOOFING,100.0,T0831,CRITICAL
10:02:00,SENSOR_01,STATUS_CHECK,10.10.10.5,203,2,25,DDoS,3,5,1,DDoS,100.0,T0814,HIGH
10:34:15,PLC_02,WRITE_REGISTER,192.168.1.10,46,1,5,NORMAL,1,7,3,NORMAL,99.0,N/A,NONE
10:02:36,SENSOR_02,STATUS_CHECK,172.16.0.88,216,2,33,DDoS,4,5,2,DDoS,100.0,T0814,HIGH
10:00:26,SENSOR_01,STATUS_CHECK,10.0.0.55,286,0,24,DDoS,3,5,0,DDoS,100.0,T0814,HIGH
10:59:51,PLC_03,READ_SENSOR,192.168.1.10,34,1,5,NORMAL,2,4,3,NORMAL,100.0,N/A,NONE
10:00:59,PLC_01,FORCE_WRITE,172.16.0.88,83,2,6,COMMAND_INJECTION,0,1,2,COMMAND_INJECTION,100.0,T0836,CRITICAL
10:06:48,PLC_03,HEARTBEAT,192.168.1.12,34,1,2,NORMAL,2,2,5,NORMAL,100.0,N/A,NONE
10:00:33,PLC_03,STOP_MOTOR,10.10.10.5,97,3,13,COMMAND_INJECTION,2,6,1,COMMAND_INJECTION,99.0,T0836,CRITICAL
10:05:04,PLC_02,WRITE_REGISTER,192.168.1.10,34,0,2,NORMAL,1,7,3,NORMAL,99.8,N/A,NONE
10:01:12,SENSOR_01,STATUS_CHECK,172.16.0.88,228,2,38,DDoS,3,5,2,DDoS,100.0,T0814,HIGH
10:01:13,PLC_02,WRITE_REGISTER,10.0.0.55,20,7,30,UNAUTHORIZED_ACCESS,1,7,0,UNAUTHORIZED_ACCESS,100.0,T0801,MEDIUM
10:00:38,PLC_01,WRITE_REGISTER,10.0.0.55,49,11,25,UNAUTHORIZED_ACCESS,0,7,0,UNAUTHORIZED_ACCESS,100.0,T0801,MEDIUM
10:03:18,PLC_03,OVERRIDE_VALVE,192.168.9.99,85,3,6,COMMAND_INJECTION,2,3,6,COMMAND_INJECTION,99.0,T0836,CRITICAL
10:28:00,PLC_03,STATUS_CHECK,192.168.1.10,34,1,5,NORMAL,2,5,3,NORMAL,100.0,N/A,NONE
10:02:46,PLC_03,STOP_MOTOR,192.168.9.99,79,1,15,COMMAND_INJECTION,2,6,6,COMMAND_INJECTION,96.0,T0836,CRITICAL
10:03:03,SENSOR_01,STOP_MOTOR,192.168.1.10,79,1,3,SPOOFING,3,6,3,SPOOFING,98.9,T0831,CRITICAL
10:15:57,SENSOR_02,HEARTBEAT,192.168.1.12,29,0,4,NORMAL,4,2,5,NORMAL,100.0,N/A,NONE
11:31:30,SENSOR_01,READ_SENSOR,192.168.1.10,44,0,3,NORMAL,3,4,3,NORMAL,93.8,N/A,NONE
10:08:42,SENSOR_02,STATUS_CHECK,192.168.1.11,11,0,4,NORMAL,4,5,4,NORMAL,100.0,N/A,NONE
10:43:17,PLC_03,STATUS_CHECK,192.168.1.11,19,0,2,NORMAL,2,5,4,NORMAL,100.0,N/A,NONE
11:27:50,SENSOR_02,STATUS_CHECK,192.168.1.11,20,1,1,NORMAL,4,5,4,NORMAL,100.0,N/A,NONE
10:17:30,PLC_01,HEARTBEAT,192.168.1.10,31,0,5,NORMAL,0,2,3,NORMAL,100.0,N/A,NONE
10:11:45,SENSOR_02,STATUS_CHECK,192.168.1.10,46,1,2,NORMAL,4,5,3,NORMAL,71.0,N/A,NONE
10:13:28,SENSOR_01,STATUS_CHECK,192.168.1.11,39,1,3,NORMAL,3,5,4,NORMAL,100.0,N/A,NONE
10:05:44,PLC_01,WRITE_REGISTER,10.0.0.55,32,6,26,UNAUTHORIZED_ACCESS,0,7,0,UNAUTHORIZED_ACCESS,100.0,T0801,MEDIUM
10:00:04,SENSOR_01,WRITE_REGISTER,10.10.10.5,24,10,16,UNAUTHORIZED_ACCESS,3,7,1,UNAUTHORIZED_ACCESS,100.0,T0801,MEDIUM
10:03:08,PLC_03,WRITE_REGISTER,10.0.0.55,38,9,16,UNAUTHORIZED_ACCESS,2,7,0,UNAUTHORIZED_ACCESS,100.0,T0801,MEDIUM
10:57:40,SENSOR_01,HEARTBEAT,192.168.1.10,32,0,2,NORMAL,3,2,3,NORMAL,98.2,N/A,NONE
10:09:16,SENSOR_01,STATUS_CHECK,192.168.1.11,49,1,1,NORMAL,3,5,4,NORMAL,98.7,N/A,NONE
10:00:42,SENSOR_01,STATUS_CHECK,10.10.10.5,265,2,32,DDoS,3,5,1,DDoS,100.0,T0814,HIGH
11:14:51,PLC_02,READ_SENSOR,192.168.1.10,31,0,2,NORMAL,1,4,3,NORMAL,99.8,N/A,NONE
10:37:00,SENSOR_02,WRITE_REGISTER,192.168.1.12,34,0,2,NORMAL,4,7,5,NORMAL,100.0,N/A,NONE
10:29:42,SENSOR_02,HEARTBEAT,192.168.1.12,50,1,3,NORMAL,4,2,5,NORMAL,96.5,N/A,NONE
10:01:27,PLC_02,STATUS_CHECK,10.10.10.5,262,0,26,DDoS,1,5,1,DDoS,100.0,T0814,HIGH
10:29:12,PLC_02,HEARTBEAT,192.168.1.10,36,0,3,NORMAL,1,2,3,NORMAL,99.3,N/A,NONE
10:00:04,SENSOR_02,WRITE_REGISTER,10.10.10.5,35,14,17,UNAUTHORIZED_ACCESS,4,7,1,UNAUTHORIZED_ACCESS,100.0,T0801,MEDIUM
10:03:56,PLC_03,WRITE_REGISTER,192.168.1.12,26,0,1,NORMAL,2,7,5,NORMAL,100.0,N/A,NONE
10:32:48,PLC_01,READ_SENSOR,192.168.1.12,12,1,5,NORMAL,0,4,5,NORMAL,100.0,N/A,NONE
10:14:24,PLC_03,READ_SENSOR,192.168.1.11,30,0,4,NORMAL,2,4,4,NORMAL,100.0,N/A,NONE
10:26:00,SENSOR_01,STATUS_CHECK,192.168.1.12,17,1,3,NORMAL,3,5,5,NORMAL,100.0,N/A,NONE
10:01:14,PLC_03,WRITE_REGISTER,192.168.9.99,49,14,15,UNAUTHORIZED_ACCESS,2,7,6,UNAUTHORIZED_ACCESS,100.0,T0801,MEDIUM
10:14:57,SENSOR_02,WRITE_REGISTER,192.168.1.12,24,0,1,NORMAL,4,7,5,NORMAL,100.0,N/A,NONE
10:27:42,SENSOR_02,STATUS_CHECK,192.168.1.10,13,1,4,NORMAL,4,5,3,NORMAL,100.0,N/A,NONE
10:00:48,SENSOR_02,WRITE_REGISTER,172.16.0.88,49,13,12,UNAUTHORIZED_ACCESS,4,7,2,UNAUTHORIZED_ACCESS,100.0,T0801,MEDIUM
10:00:02,PLC_02,STATUS_CHECK,172.16.0.88,300,2,43,DDoS,1,5,2,DDoS,100.0,T0814,HIGH
10:36:35,PLC_03,READ_SENSOR,192.168.1.11,15,0,2,NORMAL,2,4,4,NORMAL,100.0,N/A,NONE
10:01:51,PLC_03,STOP_MOTOR,192.168.9.99,88,2,5,COMMAND_INJECTION,2,6,6,COMMAND_INJECTION,91.0,T0836,CRITICAL
10:38:00,SENSOR_01,HEARTBEAT,192.168.1.12,38,0,5,NORMAL,3,2,5,NORMAL,100.0,N/A,NONE
10:03:57,PLC_02,OVERRIDE_VALVE,192.168.9.99,83,1,8,COMMAND_INJECTION,1,3,6,COMMAND_INJECTION,99.0,T0836,CRITICAL
10:39:09,SENSOR_01,READ_SENSOR,192.168.1.10,30,0,4,NORMAL,3,4,3,NORMAL,100.0,N/A,NONE
11:36:20,SENSOR_02,HEARTBEAT,192.168.1.10,41,1,3,NORMAL,4,2,3,NORMAL,98.5,N/A,NONE
10:03:50,SENSOR_02,WRITE_REGISTER,192.168.1.11,43,1,2,NORMAL,4,7,4,NORMAL,97.7,N/A,NONE
10:04:30,SENSOR_01,HEARTBEAT,192.168.1.12,13,0,1,NORMAL,3,2,5,NORMAL,99.0,N/A,NONE
10:00:17,PLC_02,STATUS_CHECK,10.0.0.55,258,0,26,DDoS,1,5,0,DDoS,100.0,T0814,HIGH
10:00:50,SENSOR_02,WRITE_REGISTER,192.168.1.10,39,1,3,NORMAL,4,7,3,NORMAL,99.6,N/A,NONE
10:11:03,SENSOR_01,STATUS_CHECK,192.168.1.12,25,1,5,NORMAL,3,5,5,NORMAL,100.0,N/A,NONE
10:01:00,PLC_02,DISABLE_ALARM,192.168.9.99,120,3,9,COMMAND_INJECTION,1,0,6,COMMAND_INJECTION,100.0,T0836,CRITICAL
10:39:28,PLC_02,STATUS_CHECK,192.168.1.10,28,0,3,NORMAL,1,5,3,NORMAL,99.8,N/A,NONE
10:04:30,PLC_02,HEARTBEAT,192.168.1.10,21,1,4,NORMAL,1,2,3,NORMAL,100.0,N/A,NONE
10:36:08,SENSOR_01,READ_SENSOR,192.168.1.12,47,0,4,NORMAL,3,4,5,NORMAL,100.0,N/A,NONE
10:10:27,SENSOR_01,WRITE_REGISTER,192.168.1.11,48,1,5,NORMAL,3,7,4,NORMAL,98.8,N/A,NONE
10:00:04,SENSOR_01,STATUS_CHECK,172.16.0.88,292,1,24,DDoS,3,5,2,DDoS,100.0,T0814,HIGH
10:01:32,PLC_01,STATUS_CHECK,172.16.0.88,293,2,31,DDoS,0,5,2,DDoS,100.0,T0814,HIGH
10:01:02,PLC_02,STATUS_CHECK,192.168.9.99,296,0,21,DDoS,1,5,6,DDoS,98.0,T0814,HIGH
10:01:06,PLC_01,STOP_MOTOR,10.10.10.5,100,1,8,COMMAND_INJECTION,0,6,1,COMMAND_INJECTION,100.0,T0836,CRITICAL
10:11:40,SENSOR_01,WRITE_REGISTER,192.168.1.10,10,0,4,NORMAL,3,7,3,NORMAL,99.0,N/A,NONE
10:54:18,SENSOR_02,READ_SENSOR,192.168.1.12,34,1,4,NORMAL,4,4,5,NORMAL,100.0,N/A,NONE
10:17:50,SENSOR_01,STATUS_CHECK,192.168.1.10,13,1,4,NORMAL,3,5,3,NORMAL,100.0,N/A,NONE
10:32:52,PLC_03,STATUS_CHECK,192.168.1.10,10,0,4,NORMAL,2,5,3,NORMAL,100.0,N/A,NONE
10:59:00,PLC_03,HEARTBEAT,192.168.1.11,28,1,2,NORMAL,2,2,4,NORMAL,100.0,N/A,NONE
10:02:44,PLC_02,DISABLE_ALARM,192.168.1.10,75,1,2,SPOOFING,1,0,3,SPOOFING,100.0,T0831,CRITICAL
10:43:48,PLC_03,WRITE_REGISTER,192.168.1.11,44,1,5,NORMAL,2,7,4,NORMAL,100.0,N/A,NONE
10:19:16,PLC_02,READ_SENSOR,192.168.1.11,30,1,2,NORMAL,1,4,4,NORMAL,100.0,N/A,NONE
10:01:44,PLC_01,STATUS_CHECK,192.168.9.99,232,0,42,DDoS,0,5,6,DDoS,100.0,T0814,HIGH
10:02:36,SENSOR_02,READ_SENSOR,192.168.1.12,25,1,1,NORMAL,4,4,5,NORMAL,100.0,N/A,NONE
10:39:16,SENSOR_01,STATUS_CHECK,192.168.1.12,34,1,5,NORMAL,3,5,5,NORMAL,100.0,N/A,NONE
10:15:21,PLC_03,STATUS_CHECK,192.168.1.12,22,0,5,NORMAL,2,5,5,NORMAL,100.0,N/A,NONE
10:02:38,SENSOR_02,STATUS_CHECK,172.16.0.88,251,0,33,DDoS,4,5,2,DDoS,100.0,T0814,HIGH
10:08:48,SENSOR_01,HEARTBEAT,192.168.1.11,23,1,2,NORMAL,3,2,4,NORMAL,100.0,N/A,NONE
10:36:40,PLC_02,WRITE_REGISTER,192.168.1.11,42,1,4,NORMAL,1,7,4,NORMAL,100.0,N/A,NONE
10:04:28,PLC_03,STATUS_CHECK,192.168.1.10,25,1,2,NORMAL,2,5,3,NORMAL,99.9,N/A,NONE
10:53:00,PLC_01,HEARTBEAT,192.168.1.10,42,1,4,NORMAL,0,2,3,NORMAL,100.0,N/A,NONE
10:45:40,SENSOR_02,HEARTBEAT,192.168.1.12,37,1,4,NORMAL,4,2,5,NORMAL,100.0,N/A,NONE
10:06:32,PLC_03,WRITE_REGISTER,10.0.0.55,49,8,30,UNAUTHORIZED_ACCESS,2,7,0,UNAUTHORIZED_ACCESS,100.0,T0801,MEDIUM
10:01:10,PLC_03,FORCE_WRITE,192.168.1.10,65,1,2,SPOOFING,2,1,3,SPOOFING,100.0,T0831,CRITICAL
10:02:39,SENSOR_01,DISABLE_ALARM,192.168.1.10,55,0,1,SPOOFING,3,0,3,SPOOFING,100.0,T0831,CRITICAL
10:32:42,PLC_01,READ_SENSOR,192.168.1.12,36,0,2,NORMAL,0,4,5,NORMAL,100.0,N/A,NONE
11:03:40,SENSOR_02,HEARTBEAT,192.168.1.12,35,1,5,NORMAL,4,2,5,NORMAL,100.0,N/A,NONE
10:30:04,SENSOR_01,STATUS_CHECK,192.168.1.11,30,0,5,NORMAL,3,5,4,NORMAL,100.0,N/A,NONE
11:27:00,SENSOR_02,STATUS_CHECK,192.168.1.10,42,0,1,NORMAL,4,5,3,NORMAL,99.4,N/A,NONE
10:36:20,PLC_02,WRITE_REGISTER,192.168.1.10,19,0,3,NORMAL,1,7,3,NORMAL,99.8,N/A,NONE
10:02:54,PLC_03,STOP_MOTOR,192.168.1.10,73,0,2,SPOOFING,2,6,3,SPOOFING,100.0,T0831,CRITICAL
11:05:24,PLC_03,WRITE_REGISTER,192.168.1.11,14,0,5,NORMAL,2,7,4,NORMAL,100.0,N/A,NONE
10:03:12,PLC_01,DISABLE_ALARM,192.168.1.10,62,0,2,SPOOFING,0,0,3,SPOOFING,99.0,T0831,CRITICAL
10:11:44,PLC_02,READ_SENSOR,192.168.1.10,29,0,5,NORMAL,1,4,3,NORMAL,100.0,N/A,NONE
10:07:21,SENSOR_02,STATUS_CHECK,192.168.1.12,36,1,4,NORMAL,4,5,5,NORMAL,100.0,N/A,NONE
10:01:18,PLC_03,STOP_MOTOR,10.0.0.55,80,1,5,COMMAND_INJECTION,2,6,0,COMMAND_INJECTION,89.0,T0836,CRITICAL
10:01:04,PLC_02,DISABLE_ALARM,192.168.1.10,64,0,1,SPOOFING,1,0,3,SPOOFING,100.0,T0831,CRITICAL
10:40:57,PLC_01,HEARTBEAT,192.168.1.10,16,0,5,NORMAL,0,2,3,NORMAL,100.0,N/A,NONE
10:01:12,SENSOR_01,WRITE_REGISTER,10.10.10.5,44,8,24,UNAUTHORIZED_ACCESS,3,7,1,UNAUTHORIZED_ACCESS,100.0,T0801,MEDIUM
10:17:04,PLC_02,READ_SENSOR,192.168.1.11,21,1,1,NORMAL,1,4,4,NORMAL,100.0,N/A,NONE
10:00:35,PLC_01,STATUS_CHECK,172.16.0.88,167,0,30,DDoS,0,5,2,DDoS,100.0,T0814,HIGH
10:01:28,SENSOR_02,STATUS_CHECK,10.0.0.55,159,2,28,DDoS,4,5,0,DDoS,100.0,T0814,HIGH
10:27:42,PLC_02,WRITE_REGISTER,192.168.1.12,18,0,1,NORMAL,1,7,5,NORMAL,100.0,N/A,NONE
10:03:56,PLC_03,WRITE_REGISTER,10.0.0.55,41,11,28,UNAUTHORIZED_ACCESS,2,7,0,UNAUTHORIZED_ACCESS,100.0,T0801,MEDIUM
10:16:48,PLC_01,WRITE_REGISTER,192.168.1.12,23,0,3,NORMAL,0,7,5,NORMAL,100.0,N/A,NONE
10:00:34,PLC_01,WRITE_REGISTER,192.168.9.99,21,7,25,UNAUTHORIZED_ACCESS,0,7,6,UNAUTHORIZED_ACCESS,100.0,T0801,MEDIUM
11:01:36,PLC_01,HEARTBEAT,192.168.1.10,20,0,2,NORMAL,0,2,3,NORMAL,99.4,N/A,NONE
10:00:46,PLC_02,FORCE_WRITE,10.10.10.5,94,1,8,COMMAND_INJECTION,1,1,1,COMMAND_INJECTION,100.0,T0836,CRITICAL
10:02:50,SENSOR_01,WRITE_REGISTER,192.168.9.99,60,9,21,UNAUTHORIZED_ACCESS,3,7,6,UNAUTHORIZED_ACCESS,99.0,T0801,MEDIUM
10:00:48,PLC_03,STOP_MOTOR,10.0.0.55,72,3,12,COMMAND_INJECTION,2,6,0,COMMAND_INJECTION,99.0,T0836,CRITICAL
10:04:18,PLC_02,WRITE_REGISTER,192.168.1.10,49,0,2,NORMAL,1,7,3,NORMAL,91.5,N/A,NONE
10:43:12,PLC_03,READ_SENSOR,192.168.1.10,45,1,1,NORMAL,2,4,3,NORMAL,90.1,N/A,NONE
10:18:24,PLC_02,HEARTBEAT,192.168.1.10,16,1,5,NORMAL,1,2,3,NORMAL,100.0,N/A,NONE
10:02:36,PLC_03,WRITE_REGISTER,192.168.9.99,27,9,14,UNAUTHORIZED_ACCESS,2,7,6,UNAUTHORIZED_ACCESS,100.0,T0801,MEDIUM
10:35:36,SENSOR_01,READ_SENSOR,192.168.1.11,27,1,3,NORMAL,3,4,4,NORMAL,100.0,N/A,NONE
10:34:18,PLC_02,STATUS_CHECK,192.168.1.11,23,1,3,NORMAL,1,5,4,NORMAL,100.0,N/A,NONE
10:03:04,PLC_02,OVERRIDE_VALVE,10.10.10.5,99,2,9,COMMAND_INJECTION,1,3,1,COMMAND_INJECTION,100.0,T0836,CRITICAL
10:35:25,SENSOR_02,WRITE_REGISTER,192.168.1.12,38,0,1,NORMAL,4,7,5,NORMAL,100.0,N/A,NONE
10:00:52,PLC_03,OVERRIDE_VALVE,192.168.1.10,71,1,1,SPOOFING,2,3,3,SPOOFING,99.0,T0831,CRITICAL
10:21:40,SENSOR_02,READ_SENSOR,192.168.1.10,29,1,4,NORMAL,4,4,3,NORMAL,100.0,N/A,NONE
10:39:30,PLC_01,HEARTBEAT,192.168.1.11,26,0,3,NORMAL,0,2,4,NORMAL,100.0,N/A,NONE
11:05:13,SENSOR_02,WRITE_REGISTER,192.168.1.11,16,0,3,NORMAL,4,7,4,NORMAL,100.0,N/A,NONE
11:17:44,PLC_03,STATUS_CHECK,192.168.1.12,43,1,1,NORMAL,2,5,5,NORMAL,100.0,N/A,NONE
10:29:40,SENSOR_01,HEARTBEAT,192.168.1.12,33,0,4,NORMAL,3,2,5,NORMAL,100.0,N/A,NONE
10:03:21,PLC_02,DISABLE_ALARM,192.168.9.99,81,2,13,COMMAND_INJECTION,1,0,6,COMMAND_INJECTION,100.0,T0836,CRITICAL
10:00:00,PLC_03,STOP_MOTOR,10.10.10.5,76,1,11,COMMAND_INJECTION,2,6,1,COMMAND_INJECTION,100.0,T0836,CRITICAL
11:09:53,PLC_01,HEARTBEAT,192.168.1.11,36,1,5,NORMAL,0,2,4,NORMAL,100.0,N/A,NONE
10:02:27,PLC_01,DISABLE_ALARM,172.16.0.88,79,3,12,COMMAND_INJECTION,0,0,2,COMMAND_INJECTION,100.0,T0836,CRITICAL
10:30:55,PLC_01,STATUS_CHECK,192.168.1.10,50,1,2,NORMAL,0,5,3,NORMAL,79.1,N/A,NONE
10:03:10,PLC_01,WRITE_REGISTER,10.0.0.55,46,8,22,UNAUTHORIZED_ACCESS,0,7,0,UNAUTHORIZED_ACCESS,100.0,T0801,MEDIUM
10:52:54,PLC_02,STATUS_CHECK,192.168.1.12,36,0,1,NORMAL,1,5,5,NORMAL,100.0,N/A,NONE
10:05:30,PLC_03,WRITE_REGISTER,192.168.1.12,16,1,1,NORMAL,2,7,5,NORMAL,100.0,N/A,NONE
10:14:00,PLC_01,READ_SENSOR,192.168.1.10,46,0,3,NORMAL,0,4,3,NORMAL,81.1,N/A,NONE
10:25:05,SENSOR_01,WRITE_REGISTER,192.168.1.12,15,1,5,NORMAL,3,7,5,NORMAL,100.0,N/A,NONE
10:04:10,PLC_01,WRITE_REGISTER,192.168.1.10,14,1,1,NORMAL,0,7,3,NORMAL,99.0,N/A,NONE
10:12:00,PLC_02,HEARTBEAT,192.168.1.12,43,1,4,NORMAL,1,2,5,NORMAL,100.0,N/A,NONE
10:05:08,PLC_02,STATUS_CHECK,192.168.1.10,25,1,3,NORMAL,1,5,3,NORMAL,99.7,N/A,NONE
10:28:49,PLC_03,HEARTBEAT,192.168.1.12,37,0,4,NORMAL,2,2,5,NORMAL,100.0,N/A,NONE
10:01:24,PLC_03,FORCE_WRITE,192.168.1.10,62,0,2,SPOOFING,2,1,3,SPOOFING,100.0,T0831,CRITICAL
10:32:47,SENSOR_02,READ_SENSOR,192.168.1.10,16,1,3,NORMAL,4,4,3,NORMAL,99.9,N/A,NONE
10:03:06,PLC_01,STOP_MOTOR,10.10.10.5,96,1,6,COMMAND_INJECTION,0,6,1,COMMAND_INJECTION,100.0,T0836,CRITICAL
10:00:56,PLC_03,WRITE_REGISTER,10.10.10.5,45,11,23,UNAUTHORIZED_ACCESS,2,7,1,UNAUTHORIZED_ACCESS,100.0,T0801,MEDIUM
10:00:10,PLC_01,FORCE_WRITE,10.10.10.5,99,3,7,COMMAND_INJECTION,0,1,1,COMMAND_INJECTION,100.0,T0836,CRITICAL
10:36:36,SENSOR_01,HEARTBEAT,192.168.1.11,21,1,4,NORMAL,3,2,4,NORMAL,100.0,N/A,NONE
10:01:06,PLC_02,OVERRIDE_VALVE,10.10.10.5,75,3,7,COMMAND_INJECTION,1,3,1,COMMAND_INJECTION,100.0,T0836,CRITICAL
10:42:48,PLC_01,READ_SENSOR,192.168.1.10,40,0,3,NORMAL,0,4,3,NORMAL,97.6,N/A,NONE
10:00:43,PLC_01,STATUS_CHECK,192.168.9.99,279,2,20,DDoS,0,5,6,DDoS,97.0,T0814,HIGH
10:23:42,PLC_01,STATUS_CHECK,192.168.1.12,17,1,3,NORMAL,0,5,5,NORMAL,100.0,N/A,NONE
10:03:51,PLC_01,WRITE_REGISTER,10.0.0.55,40,8,11,UNAUTHORIZED_ACCESS,0,7,0,UNAUTHORIZED_ACCESS,100.0,T0801,MEDIUM
10:21:27,SENSOR_02,WRITE_REGISTER,192.168.1.11,32,0,2,NORMAL,4,7,4,NORMAL,100.0,N/A,NONE
10:02:03,SENSOR_01,WRITE_REGISTER,10.10.10.5,40,13,11,UNAUTHORIZED_ACCESS,3,7,1,UNAUTHORIZED_ACCESS,100.0,T0801,MEDIUM
11:17:00,PLC_03,HEARTBEAT,192.168.1.10,44,1,2,NORMAL,2,2,3,NORMAL,91.7,N/A,NONE
10:25:45,SENSOR_01,STATUS_CHECK,192.168.1.10,10,1,4,NORMAL,3,5,3,NORMAL,100.0,N/A,NONE
10:03:14,SENSOR_01,STATUS_CHECK,10.10.10.5,212,1,50,DDoS,3,5,1,DDoS,100.0,T0814,HIGH
10:09:00,PLC_03,STATUS_CHECK,192.168.1.11,48,0,4,NORMAL,2,5,4,NORMAL,99.0,N/A,NONE
10:04:12,PLC_01,FORCE_WRITE,10.10.10.5,116,1,6,COMMAND_INJECTION,0,1,1,COMMAND_INJECTION,100.0,T0836,CRITICAL
10:29:45,SENSOR_02,READ_SENSOR,192.168.1.10,34,0,1,NORMAL,4,4,3,NORMAL,99.6,N/A,NONE
10:05:35,PLC_03,OVERRIDE_VALVE,192.168.1.10,44,0,2,SPOOFING,2,3,3,NORMAL,57.3,N/A,NONE
10:00:49,SENSOR_01,STATUS_CHECK,172.16.0.88,160,0,44,DDoS,3,5,2,DDoS,100.0,T0814,HIGH
10:01:40,PLC_02,STATUS_CHECK,192.168.9.99,217,1,27,DDoS,1,5,6,DDoS,100.0,T0814,HIGH
10:02:10,PLC_02,OVERRIDE_VALVE,10.0.0.55,105,2,8,COMMAND_INJECTION,1,3,0,COMMAND_INJECTION,100.0,T0836,CRITICAL
10:01:08,PLC_01,STATUS_CHECK,192.168.9.99,201,2,47,DDoS,0,5,6,DDoS,100.0,T0814,HIGH
10:34:46,PLC_02,READ_SENSOR,192.168.1.12,47,0,2,NORMAL,1,4,5,NORMAL,99.5,N/A,NONE
10:01:29,SENSOR_02,STATUS_CHECK,10.0.0.55,159,1,27,DDoS,4,5,0,DDoS,100.0,T0814,HIGH
10:41:52,SENSOR_01,HEARTBEAT,192.168.1.12,23,0,5,NORMAL,3,2,5,NORMAL,100.0,N/A,NONE
10:31:00,SENSOR_01,STATUS_CHECK,192.168.1.11,29,0,3,NORMAL,3,5,4,NORMAL,100.0,N/A,NONE
10:30:05,PLC_01,STATUS_CHECK,192.168.1.10,16,1,2,NORMAL,0,5,3,NORMAL,99.9,N/A,NONE
10:31:56,PLC_02,WRITE_REGISTER,192.168.1.11,44,0,2,NORMAL,1,7,4,NORMAL,100.0,N/A,NONE
10:16:30,SENSOR_02,WRITE_REGISTER,192.168.1.12,34,1,4,NORMAL,4,7,5,NORMAL,100.0,N/A,NONE
10:02:58,SENSOR_01,WRITE_REGISTER,10.10.10.5,31,7,11,UNAUTHORIZED_ACCESS,3,7,1,UNAUTHORIZED_ACCESS,100.0,T0801,MEDIUM
10:32:24,PLC_03,STATUS_CHECK,192.168.1.11,18,0,4,NORMAL,2,5,4,NORMAL,100.0,N/A,NONE
11:00:30,PLC_02,STATUS_CHECK,192.168.1.12,34,1,2,NORMAL,1,5,5,NORMAL,100.0,N/A,NONE
10:12:42,PLC_02,HEARTBEAT,192.168.1.12,34,0,3,NORMAL,1,2,5,NORMAL,100.0,N/A,NONE
10:21:35,PLC_02,HEARTBEAT,192.168.1.10,33,1,4,NORMAL,1,2,3,NORMAL,100.0,N/A,NONE
10:00:04,PLC_02,OVERRIDE_VALVE,10.0.0.55,75,1,9,COMMAND_INJECTION,1,3,0,COMMAND_INJECTION,100.0,T0836,CRITICAL
10:01:17,PLC_03,STATUS_CHECK,10.10.10.5,242,0,24,DDoS,2,5,1,DDoS,100.0,T0814,HIGH
11:22:20,SENSOR_01,WRITE_REGISTER,192.168.1.11,41,1,3,NORMAL,3,7,4,NORMAL,100.0,N/A,NONE
10:01:10,SENSOR_02,STATUS_CHECK,192.168.9.99,173,1,41,DDoS,4,5,6,DDoS,100.0,T0814,HIGH
10:50:16,PLC_03,HEARTBEAT,192.168.1.12,25,1,4,NORMAL,2,2,5,NORMAL,100.0,N/A,NONE
10:26:18,PLC_02,STATUS_CHECK,192.168.1.11,48,1,2,NORMAL,1,5,4,NORMAL,99.7,N/A,NONE
10:02:15,PLC_03,OVERRIDE_VALVE,192.168.9.99,65,1,12,COMMAND_INJECTION,2,3,6,COMMAND_INJECTION,94.0,T0836,CRITICAL
10:22:50,PLC_01,WRITE_REGISTER,192.168.1.12,47,1,1,NORMAL,0,7,5,NORMAL,99.0,N/A,NONE
10:53:15,SENSOR_01,HEARTBEAT,192.168.1.12,40,0,1,NORMAL,3,2,5,NORMAL,99.0,N/A,NONE
10:30:25,SENSOR_01,WRITE_REGISTER,192.168.1.12,34,1,3,NORMAL,3,7,5,NORMAL,100.0,N/A,NONE
10:00:42,SENSOR_02,WRITE_REGISTER,172.16.0.88,47,14,30,UNAUTHORIZED_ACCESS,4,7,2,UNAUTHORIZED_ACCESS,100.0,T0801,MEDIUM
10:04:05,PLC_02,FORCE_WRITE,192.168.1.10,66,1,2,SPOOFING,1,1,3,SPOOFING,100.0,T0831,CRITICAL
10:00:48,PLC_01,WRITE_REGISTER,192.168.9.99,23,14,16,UNAUTHORIZED_ACCESS,0,7,6,UNAUTHORIZED_ACCESS,100.0,T0801,MEDIUM
10:00:29,PLC_03,FORCE_WRITE,10.0.0.55,98,1,8,COMMAND_INJECTION,2,1,0,COMMAND_INJECTION,100.0,T0836,CRITICAL
10:01:52,SENSOR_02,STATUS_CHECK,192.168.9.99,278,0,34,DDoS,4,5,6,DDoS,100.0,T0814,HIGH
10:13:16,SENSOR_01,READ_SENSOR,192.168.1.11,20,1,3,NORMAL,3,4,4,NORMAL,100.0,N/A,NONE
10:10:39,PLC_03,READ_SENSOR,192.168.1.11,16,1,3,NORMAL,2,4,4,NORMAL,100.0,N/A,NONE
10:20:24,SENSOR_01,WRITE_REGISTER,192.168.1.11,16,0,3,NORMAL,3,7,4,NORMAL,100.0,N/A,NONE
10:33:12,SENSOR_01,STATUS_CHECK,192.168.1.11,13,0,4,NORMAL,3,5,4,NORMAL,100.0,N/A,NONE
10:10:24,PLC_03,STATUS_CHECK,192.168.1.10,15,1,4,NORMAL,2,5,3,NORMAL,100.0,N/A,NONE
10:00:26,SENSOR_01,STATUS_CHECK,192.168.9.99,248,1,37,DDoS,3,5,6,DDoS,100.0,T0814,HIGH
10:03:54,PLC_02,HEARTBEAT,192.168.1.11,47,0,5,NORMAL,1,2,4,NORMAL,100.0,N/A,NONE
10:04:50,SENSOR_01,WRITE_REGISTER,192.168.1.10,16,1,3,NORMAL,3,7,3,NORMAL,99.9,N/A,NONE
11:02:25,PLC_03,WRITE_REGISTER,192.168.1.10,43,0,1,NORMAL,2,7,3,NORMAL,85.2,N/A,NONE
10:01:35,SENSOR_02,STATUS_CHECK,192.168.9.99,278,1,30,DDoS,4,5,6,DDoS,100.0,T0814,HIGH
10:37:08,SENSOR_01,HEARTBEAT,192.168.1.11,17,1,4,NORMAL,3,2,4,NORMAL,100.0,N/A,NONE
10:01:48,PLC_03,DISABLE_ALARM,172.16.0.88,85,3,14,COMMAND_INJECTION,2,0,2,COMMAND_INJECTION,99.0,T0836,CRITICAL
10:29:48,PLC_02,STATUS_CHECK,192.168.1.10,28,1,2,NORMAL,1,5,3,NORMAL,99.8,N/A,NONE
10:27:30,SENSOR_01,WRITE_REGISTER,192.168.1.11,16,1,5,NORMAL,3,7,4,NORMAL,100.0,N/A,NONE
10:01:12,PLC_02,WRITE_REGISTER,192.168.9.99,28,15,23,UNAUTHORIZED_ACCESS,1,7,6,UNAUTHORIZED_ACCESS,100.0,T0801,MEDIUM
11:14:15,PLC_01,HEARTBEAT,192.168.1.12,24,0,4,NORMAL,0,2,5,NORMAL,100.0,N/A,NONE
10:01:12,PLC_01,OVERRIDE_VALVE,10.0.0.55,79,3,13,COMMAND_INJECTION,0,3,0,COMMAND_INJECTION,100.0,T0836,CRITICAL
10:07:35,SENSOR_01,READ_SENSOR,192.168.1.11,28,0,4,NORMAL,3,4,4,NORMAL,100.0,N/A,NONE
10:07:03,SENSOR_02,READ_SENSOR,192.168.1.10,50,1,2,NORMAL,4,4,3,NORMAL,69.7,N/A,NONE
10:00:25,PLC_02,WRITE_REGISTER,10.10.10.5,60,15,12,UNAUTHORIZED_ACCESS,1,7,1,UNAUTHORIZED_ACCESS,99.0,T0801,MEDIUM
10:00:54,PLC_02,DISABLE_ALARM,172.16.0.88,88,3,15,COMMAND_INJECTION,1,0,2,COMMAND_INJECTION,100.0,T0836,CRITICAL
10:00:55,SENSOR_02,STATUS_CHECK,10.10.10.5,240,1,35,DDoS,4,5,1,DDoS,100.0,T0814,HIGH
10:44:08,SENSOR_02,STATUS_CHECK,192.168.1.10,29,0,5,NORMAL,4,5,3,NORMAL,99.9,N/A,NONE
10:01:04,PLC_03,STATUS_CHECK,192.168.9.99,205,1,39,DDoS,2,5,6,DDoS,100.0,T0814,HIGH
10:12:27,PLC_01,HEARTBEAT,192.168.1.11,42,0,1,NORMAL,0,2,4,NORMAL,99.9,N/A,NONE
10:00:28,PLC_01,WRITE_REGISTER,192.168.9.99,33,7,28,UNAUTHORIZED_ACCESS,0,7,6,UNAUTHORIZED_ACCESS,100.0,T0801,MEDIUM
10:00:24,SENSOR_02,OVERRIDE_VALVE,192.168.1.10,43,1,2,SPOOFING,4,3,3,SPOOFING,73.2,T0831,CRITICAL
10:35:35,SENSOR_01,HEARTBEAT,192.168.1.10,42,1,3,NORMAL,3,2,3,NORMAL,97.1,N/A,NONE
10:02:50,SENSOR_02,FORCE_WRITE,192.168.1.10,75,1,1,SPOOFING,4,1,3,SPOOFING,100.0,T0831,CRITICAL
10:01:15,PLC_01,WRITE_REGISTER,192.168.9.99,51,14,29,UNAUTHORIZED_ACCESS,0,7,6,UNAUTHORIZED_ACCESS,99.0,T0801,MEDIUM
10:05:43,PLC_01,READ_SENSOR,192.168.1.11,18,1,2,NORMAL,0,4,4,NORMAL,100.0,N/A,NONE
10:04:48,PLC_02,FORCE_WRITE,10.10.10.5,71,3,15,COMMAND_INJECTION,1,1,1,COMMAND_INJECTION,100.0,T0836,CRITICAL
10:00:12,SENSOR_02,READ_SENSOR,192.168.1.12,22,1,2,NORMAL,4,4,5,NORMAL,100.0,N/A,NONE
10:27:12,PLC_02,WRITE_REGISTER,192.168.1.10,31,1,5,NORMAL,1,7,3,NORMAL,100.0,N/A,NONE
10:17:30,PLC_01,HEARTBEAT,192.168.1.10,11,1,5,NORMAL,0,2,3,NORMAL,100.0,N/A,NONE
10:00:04,SENSOR_02,WRITE_REGISTER,10.10.10.5,27,14,29,UNAUTHORIZED_ACCESS,4,7,1,UNAUTHORIZED_ACCESS,100.0,T0801,MEDIUM
11:20:24,PLC_03,WRITE_REGISTER,192.168.1.12,11,1,3,NORMAL,2,7,5,NORMAL,100.0,N/A,NONE
10:17:12,PLC_03,HEARTBEAT,192.168.1.11,19,0,3,NORMAL,2,2,4,NORMAL,100.0,N/A,NONE
10:06:16,PLC_02,WRITE_REGISTER,172.16.0.88,34,6,20,UNAUTHORIZED_ACCESS,1,7,2,UNAUTHORIZED_ACCESS,100.0,T0801,MEDIUM
10:24:03,PLC_03,WRITE_REGISTER,192.168.1.12,22,1,5,NORMAL,2,7,5,NORMAL,100.0,N/A,NONE
10:28:45,PLC_01,WRITE_REGISTER,192.168.1.12,40,1,2,NORMAL,0,7,5,NORMAL,100.0,N/A,NONE
10:02:12,SENSOR_01,READ_SENSOR,192.168.1.10,44,0,1,NORMAL,3,4,3,NORMAL,72.5,N/A,NONE
10:04:39,PLC_03,READ_SENSOR,192.168.1.10,22,0,5,NORMAL,2,4,3,NORMAL,100.0,N/A,NONE
10:11:33,PLC_01,READ_SENSOR,192.168.1.11,23,0,5,NORMAL,0,4,4,NORMAL,100.0,N/A,NONE
10:04:12,PLC_01,WRITE_REGISTER,192.168.9.99,43,13,20,UNAUTHORIZED_ACCESS,0,7,6,UNAUTHORIZED_ACCESS,100.0,T0801,MEDIUM
10:22:24,PLC_02,READ_SENSOR,192.168.1.11,37,0,3,NORMAL,1,4,4,NORMAL,100.0,N/A,NONE
10:55:30,PLC_01,STATUS_CHECK,192.168.1.12,34,1,4,NORMAL,0,5,5,NORMAL,100.0,N/A,NONE
10:00:30,SENSOR_02,STATUS_CHECK,192.168.1.10,20,1,3,NORMAL,4,5,3,NORMAL,99.9,N/A,NONE
10:17:00,SENSOR_02,WRITE_REGISTER,192.168.1.12,14,0,4,NORMAL,4,7,5,NORMAL,100.0,N/A,NONE
11:08:32,PLC_03,HEARTBEAT,192.168.1.10,49,1,1,NORMAL,2,2,3,NORMAL,91.4,N/A,NONE
10:08:15,PLC_02,OVERRIDE_VALVE,192.168.1.10,61,0,2,SPOOFING,1,3,3,SPOOFING,98.8,T0831,CRITICAL
10:30:36,PLC_01,STATUS_CHECK,192.168.1.10,39,1,2,NORMAL,0,5,3,NORMAL,99.9,N/A,NONE
10:09:05,SENSOR_02,STATUS_CHECK,192.168.1.10,25,0,5,NORMAL,4,5,3,NORMAL,99.9,N/A,NONE
11:04:30,SENSOR_02,HEARTBEAT,192.168.1.10,15,0,2,NORMAL,4,2,3,NORMAL,99.1,N/A,NONE
10:05:08,SENSOR_01,HEARTBEAT,192.168.1.11,44,1,4,NORMAL,3,2,4,NORMAL,100.0,N/A,NONE
10:11:12,PLC_03,HEARTBEAT,192.168.1.11,36,1,1,NORMAL,2,2,4,NORMAL,100.0,N/A,NONE
10:33:22,SENSOR_01,READ_SENSOR,192.168.1.11,31,0,4,NORMAL,3,4,4,NORMAL,100.0,N/A,NONE
10:04:06,SENSOR_01,READ_SENSOR,192.168.1.10,37,0,4,NORMAL,3,4,3,NORMAL,100.0,N/A,NONE
10:04:33,SENSOR_02,WRITE_REGISTER,10.10.10.5,22,6,11,UNAUTHORIZED_ACCESS,4,7,1,UNAUTHORIZED_ACCESS,100.0,T0801,MEDIUM
10:05:56,SENSOR_02,OVERRIDE_VALVE,192.168.1.10,46,0,2,SPOOFING,4,3,3,SPOOFING,77.6,T0831,CRITICAL
10:04:42,PLC_02,STOP_MOTOR,10.10.10.5,79,3,15,COMMAND_INJECTION,1,6,1,COMMAND_INJECTION,100.0,T0836,CRITICAL
11:06:20,SENSOR_02,WRITE_REGISTER,192.168.1.12,29,0,2,NORMAL,4,7,5,NORMAL,100.0,N/A,NONE
10:53:50,SENSOR_01,HEARTBEAT,192.168.1.10,44,0,3,NORMAL,3,2,3,NORMAL,89.9,N/A,NONE
11:00:33,PLC_03,READ_SENSOR,192.168.1.11,29,1,3,NORMAL,2,4,4,NORMAL,100.0,N/A,NONE
10:01:04,PLC_03,WRITE_REGISTER,10.10.10.5,29,9,14,UNAUTHORIZED_ACCESS,2,7,1,UNAUTHORIZED_ACCESS,100.0,T0801,MEDIUM
10:01:06,SENSOR_01,WRITE_REGISTER,172.16.0.88,22,5,28,UNAUTHORIZED_ACCESS,3,7,2,UNAUTHORIZED_ACCESS,100.0,T0801,MEDIUM
10:00:20,PLC_03,STATUS_CHECK,192.168.1.12,26,0,4,NORMAL,2,5,5,NORMAL,100.0,N/A,NONE
10:02:04,SENSOR_02,OVERRIDE_VALVE,192.168.1.10,45,1,2,SPOOFING,4,3,3,SPOOFING,83.5,T0831,CRITICAL
10:46:30,PLC_03,HEARTBEAT,192.168.1.12,13,1,3,NORMAL,2,2,5,NORMAL,100.0,N/A,NONE
10:09:42,PLC_03,STATUS_CHECK,192.168.1.11,27,1,5,NORMAL,2,5,4,NORMAL,100.0,N/A,NONE
10:31:02,SENSOR_02,READ_SENSOR,192.168.1.12,20,0,2,NORMAL,4,4,5,NORMAL,100.0,N/A,NONE
10:17:51,PLC_02,WRITE_REGISTER,192.168.1.12,46,1,3,NORMAL,1,7,5,NORMAL,99.0,N/A,NONE
10:03:24,PLC_01,STOP_MOTOR,10.0.0.55,104,2,9,COMMAND_INJECTION,0,6,0,COMMAND_INJECTION,100.0,T0836,CRITICAL
10:08:10,SENSOR_01,STOP_MOTOR,192.168.1.10,54,1,2,SPOOFING,3,6,3,SPOOFING,99.9,T0831,CRITICAL
10:44:20,PLC_01,HEARTBEAT,192.168.1.12,41,0,3,NORMAL,0,2,5,NORMAL,100.0,N/A,NONE
10:00:31,PLC_02,STATUS_CHECK,172.16.0.88,199,0,25,DDoS,1,5,2,DDoS,100.0,T0814,HIGH
10:38:06,PLC_03,WRITE_REGISTER,192.168.1.12,37,1,1,NORMAL,2,7,5,NORMAL,100.0,N/A,NONE
11:05:20,SENSOR_02,WRITE_REGISTER,192.168.1.12,46,0,4,NORMAL,4,7,5,NORMAL,96.1,N/A,NONE
10:07:52,SENSOR_01,STATUS_CHECK,192.168.1.12,35,1,5,NORMAL,3,5,5,NORMAL,100.0,N/A,NONE
10:00:00,SENSOR_02,WRITE_REGISTER,192.168.9.99,39,13,24,UNAUTHORIZED_ACCESS,4,7,6,UNAUTHORIZED_ACCESS,100.0,T0801,MEDIUM
10:20:50,SENSOR_02,HEARTBEAT,192.168.1.10,18,0,2,NORMAL,4,2,3,NORMAL,99.1,N/A,NONE
11:01:01,SENSOR_02,HEARTBEAT,192.168.1.10,43,0,2,NORMAL,4,2,3,NORMAL,87.8,N/A,NONE
10:01:12,PLC_03,WRITE_REGISTER,192.168.1.12,27,0,5,NORMAL,2,7,5,NORMAL,100.0,N/A,NONE
10:16:20,SENSOR_01,WRITE_REGISTER,192.168.1.12,45,1,1,NORMAL,3,7,5,NORMAL,96.8,N/A,NONE
10:00:03,PLC_02,STATUS_CHECK,10.0.0.55,281,0,32,DDoS,1,5,0,DDoS,100.0,T0814,HIGH
10:12:09,PLC_03,HEARTBEAT,192.168.1.12,20,1,2,NORMAL,2,2,5,NORMAL,100.0,N/A,NONE
10:06:55,SENSOR_02,FORCE_WRITE,192.168.1.10,50,1,2,SPOOFING,4,1,3,SPOOFING,99.0,T0831,CRITICAL
11:37:50,SENSOR_02,WRITE_REGISTER,192.168.1.11,10,0,5,NORMAL,4,7,4,NORMAL,100.0,N/A,NONE
10:04:51,PLC_03,OVERRIDE_VALVE,192.168.1.10,49,0,3,SPOOFING,2,3,3,NORMAL,50.5,N/A,NONE
10:31:52,PLC_02,READ_SENSOR,192.168.1.11,44,1,2,NORMAL,1,4,4,NORMAL,99.7,N/A,NONE
10:43:30,PLC_02,HEARTBEAT,192.168.1.12,49,1,1,NORMAL,1,2,5,NORMAL,97.9,N/A,NONE
10:17:35,PLC_01,WRITE_REGISTER,192.168.1.12,38,1,5,NORMAL,0,7,5,NORMAL,100.0,N/A,NONE
10:00:51,SENSOR_01,STOP_MOTOR,192.168.1.10,51,1,2,SPOOFING,3,6,3,SPOOFING,84.7,T0831,CRITICAL
10:47:52,PLC_01,WRITE_REGISTER,192.168.1.12,19,1,1,NORMAL,0,7,5,NORMAL,100.0,N/A,NONE
10:59:52,PLC_02,HEARTBEAT,192.168.1.12,30,1,1,NORMAL,1,2,5,NORMAL,100.0,N/A,NONE
10:15:08,PLC_02,HEARTBEAT,192.168.1.11,11,1,1,NORMAL,1,2,4,NORMAL,100.0,N/A,NONE
10:01:40,PLC_01,WRITE_REGISTER,10.0.0.55,36,9,24,UNAUTHORIZED_ACCESS,0,7,0,UNAUTHORIZED_ACCESS,100.0,T0801,MEDIUM
10:00:46,PLC_01,WRITE_REGISTER,10.10.10.5,26,13,13,UNAUTHORIZED_ACCESS,0,7,1,UNAUTHORIZED_ACCESS,100.0,T0801,MEDIUM
10:08:00,PLC_01,FORCE_WRITE,192.168.1.10,73,0,2,SPOOFING,0,1,3,SPOOFING,100.0,T0831,CRITICAL
10:33:24,PLC_01,HEARTBEAT,192.168.1.12,45,1,2,NORMAL,0,2,5,NORMAL,99.7,N/A,NONE
10:54:08,SENSOR_02,READ_SENSOR,192.168.1.10,30,0,1,NORMAL,4,4,3,NORMAL,99.6,N/A,NONE
10:24:08,PLC_03,HEARTBEAT,192.168.1.11,11,1,4,NORMAL,2,2,4,NORMAL,100.0,N/A,NONE
10:39:00,PLC_02,HEARTBEAT,192.168.1.11,50,0,5,NORMAL,1,2,4,NORMAL,100.0,N/A,NONE
10:02:20,PLC_02,WRITE_REGISTER,192.168.9.99,41,6,14,UNAUTHORIZED_ACCESS,1,7,6,UNAUTHORIZED_ACCESS,100.0,T0801,MEDIUM
10:57:04,PLC_03,WRITE_REGISTER,192.168.1.11,18,0,1,NORMAL,2,7,4,NORMAL,100.0,N/A,NONE
10:00:42,PLC_01,READ_SENSOR,192.168.1.12,24,1,1,NORMAL,0,4,5,NORMAL,100.0,N/A,NONE
10:12:55,SENSOR_02,STATUS_CHECK,192.168.1.12,42,1,2,NORMAL,4,5,5,NORMAL,100.0,N/A,NONE
11:21:09,PLC_03,STATUS_CHECK,192.168.1.11,47,1,4,NORMAL,2,5,4,NORMAL,100.0,N/A,NONE
10:58:40,SENSOR_01,READ_SENSOR,192.168.1.11,37,0,1,NORMAL,3,4,4,NORMAL,100.0,N/A,NONE
10:56:14,PLC_02,HEARTBEAT,192.168.1.10,15,0,2,NORMAL,1,2,3,NORMAL,99.0,N/A,NONE
10:35:10,PLC_03,WRITE_REGISTER,192.168.1.11,15,1,3,NORMAL,2,7,4,NORMAL,100.0,N/A,NONE
10:05:12,SENSOR_02,STOP_MOTOR,192.168.1.10,44,1,1,SPOOFING,4,6,3,SPOOFING,80.0,T0831,CRITICAL
10:00:49,PLC_01,WRITE_REGISTER,192.168.9.99,58,7,22,UNAUTHORIZED_ACCESS,0,7,6,UNAUTHORIZED_ACCESS,100.0,T0801,MEDIUM
10:50:06,PLC_02,STATUS_CHECK,192.168.1.11,21,1,2,NORMAL,1,5,4,NORMAL,100.0,N/A,NONE
10:38:24,SENSOR_01,STATUS_CHECK,192.168.1.10,31,1,1,NORMAL,3,5,3,NORMAL,98.2,N/A,NONE
10:01:08,SENSOR_01,WRITE_REGISTER,172.16.0.88,31,9,17,UNAUTHORIZED_ACCESS,3,7,2,UNAUTHORIZED_ACCESS,100.0,T0801,MEDIUM
11:15:36,SENSOR_01,STATUS_CHECK,192.168.1.12,15,1,3,NORMAL,3,5,5,NORMAL,100.0,N/A,NONE
11:39:00,SENSOR_02,HEARTBEAT,192.168.1.12,44,1,4,NORMAL,4,2,5,NORMAL,97.0,N/A,NONE
11:28:20,PLC_02,WRITE_REGISTER,192.168.1.12,10,0,3,NORMAL,1,7,5,NORMAL,100.0,N/A,NONE
11:17:28,PLC_03,READ_SENSOR,192.168.1.10,39,1,5,NORMAL,2,4,3,NORMAL,100.0,N/A,NONE
10:00:28,SENSOR_01,OVERRIDE_VALVE,192.168.1.10,72,1,2,SPOOFING,3,3,3,SPOOFING,99.1,T0831,CRITICAL
11:07:12,PLC_02,WRITE_REGISTER,192.168.1.10,45,1,2,NORMAL,1,7,3,NORMAL,91.9,N/A,NONE
10:45:18,SENSOR_01,STATUS_CHECK,192.168.1.12,41,0,5,NORMAL,3,5,5,NORMAL,100.0,N/A,NONE
10:34:12,SENSOR_02,STATUS_CHECK,192.168.1.10,34,0,3,NORMAL,4,5,3,NORMAL,99.8,N/A,NONE
10:29:20,PLC_02,WRITE_REGISTER,192.168.1.12,43,1,3,NORMAL,1,7,5,NORMAL,100.0,N/A,NONE
10:00:56,PLC_02,OVERRIDE_VALVE,192.168.1.10,56,0,1,SPOOFING,1,3,3,SPOOFING,98.8,T0831,CRITICAL
10:17:40,PLC_03,STATUS_CHECK,192.168.1.11,34,1,3,NORMAL,2,5,4,NORMAL,100.0,N/A,NONE
10:11:51,SENSOR_01,READ_SENSOR,192.168.1.11,29,1,4,NORMAL,3,4,4,NORMAL,100.0,N/A,NONE
10:24:40,PLC_03,STATUS_CHECK,192.168.1.12,37,1,4,NORMAL,2,5,5,NORMAL,100.0,N/A,NONE
10:35:14,PLC_01,READ_SENSOR,192.168.1.12,46,0,5,NORMAL,0,4,5,NORMAL,98.8,N/A,NONE
10:00:56,PLC_01,STATUS_CHECK,10.0.0.55,181,0,20,DDoS,0,5,0,DDoS,98.0,T0814,HIGH
10:02:34,PLC_03,DISABLE_ALARM,192.168.1.10,63,0,3,SPOOFING,2,0,3,SPOOFING,100.0,T0831,CRITICAL
10:42:10,SENSOR_01,READ_SENSOR,192.168.1.11,38,1,3,NORMAL,3,4,4,NORMAL,100.0,N/A,NONE
10:57:00,SENSOR_01,READ_SENSOR,192.168.1.12,40,1,2,NORMAL,3,4,5,NORMAL,100.0,N/A,NONE
10:40:25,PLC_01,STATUS_CHECK,192.168.1.10,33,1,5,NORMAL,0,5,3,NORMAL,100.0,N/A,NONE
10:00:33,SENSOR_01,STOP_MOTOR,192.168.1.10,60,1,3,SPOOFING,3,6,3,SPOOFING,98.9,T0831,CRITICAL
10:15:31,PLC_01,STATUS_CHECK,192.168.1.12,29,1,2,NORMAL,0,5,5,NORMAL,100.0,N/A,NONE
10:00:09,SENSOR_01,OVERRIDE_VALVE,192.168.1.10,55,0,2,SPOOFING,3,3,3,SPOOFING,98.8,T0831,CRITICAL
10:41:28,PLC_02,READ_SENSOR,192.168.1.12,17,1,3,NORMAL,1,4,5,NORMAL,100.0,N/A,NONE
10:00:44,PLC_03,OVERRIDE_VALVE,192.168.1.10,76,0,2,SPOOFING,2,3,3,SPOOFING,100.0,T0831,CRITICAL
10:00:58,SENSOR_02,STATUS_CHECK,192.168.9.99,228,0,43,DDoS,4,5,6,DDoS,100.0,T0814,HIGH
10:00:00,PLC_01,STATUS_CHECK,192.168.1.10,24,0,1,NORMAL,0,5,3,NORMAL,99.9,N/A,NONE
10:21:04,PLC_01,WRITE_REGISTER,192.168.1.12,44,0,2,NORMAL,0,7,5,NORMAL,100.0,N/A,NONE
10:00:12,SENSOR_01,FORCE_WRITE,192.168.1.10,79,1,2,SPOOFING,3,1,3,SPOOFING,100.0,T0831,CRITICAL
11:03:49,PLC_02,WRITE_REGISTER,192.168.1.12,20,1,1,NORMAL,1,7,5,NORMAL,100.0,N/A,NONE
10:02:24,PLC_02,STOP_MOTOR,10.0.0.55,90,1,15,COMMAND_INJECTION,1,6,0,COMMAND_INJECTION,100.0,T0836,CRITICAL
10:53:12,SENSOR_01,STATUS_CHECK,192.168.1.12,43,1,5,NORMAL,3,5,5,NORMAL,100.0,N/A,NONE
10:55:39,PLC_02,READ_SENSOR,192.168.1.11,48,0,1,NORMAL,1,4,4,NORMAL,98.3,N/A,NONE
11:07:20,SENSOR_01,HEARTBEAT,192.168.1.11,38,1,2,NORMAL,3,2,4,NORMAL,100.0,N/A,NONE
10:14:20,SENSOR_01,READ_SENSOR,192.168.1.12,14,1,4,NORMAL,3,4,5,NORMAL,100.0,N/A,NONE
10:16:40,PLC_01,HEARTBEAT,192.168.1.12,10,1,4,NORMAL,0,2,5,NORMAL,100.0,N/A,NONE
10:59:06,SENSOR_01,READ_SENSOR,192.168.1.12,23,0,3,NORMAL,3,4,5,NORMAL,100.0,N/A,NONE
11:10:00,PLC_03,READ_SENSOR,192.168.1.10,16,1,1,NORMAL,2,4,3,NORMAL,99.0,N/A,NONE
10:36:48,PLC_01,STATUS_CHECK,192.168.1.11,39,1,4,NORMAL,0,5,4,NORMAL,100.0,N/A,NONE
10:00:12,SENSOR_01,WRITE_REGISTER,172.16.0.88,54,8,15,UNAUTHORIZED_ACCESS,3,7,2,UNAUTHORIZED_ACCESS,100.0,T0801,MEDIUM
10:09:00,PLC_01,STATUS_CHECK,192.168.1.12,48,0,5,NORMAL,0,5,5,NORMAL,98.8,N/A,NONE
10:01:57,SENSOR_01,WRITE_REGISTER,10.0.0.55,44,15,22,UNAUTHORIZED_ACCESS,3,7,0,UNAUTHORIZED_ACCESS,100.0,T0801,MEDIUM
10:12:04,PLC_01,HEARTBEAT,192.168.1.10,33,0,5,NORMAL,0,2,3,NORMAL,100.0,N/A,NONE
10:41:06,SENSOR_02,HEARTBEAT,192.168.1.10,20,1,5,NORMAL,4,2,3,NORMAL,100.0,N/A,NONE
10:04:45,PLC_02,DISABLE_ALARM,10.0.0.55,120,1,7,COMMAND_INJECTION,1,0,0,COMMAND_INJECTION,100.0,T0836,CRITICAL
10:04:36,SENSOR_01,HEARTBEAT,192.168.1.12,46,0,4,NORMAL,3,2,5,NORMAL,99.3,N/A,NONE
10:24:15,SENSOR_02,WRITE_REGISTER,192.168.1.12,30,1,5,NORMAL,4,7,5,NORMAL,100.0,N/A,NONE
10:21:50,SENSOR_01,WRITE_REGISTER,192.168.1.11,45,0,4,NORMAL,3,7,4,NORMAL,99.8,N/A,NONE
10:45:00,PLC_03,HEARTBEAT,192.168.1.10,18,0,5,NORMAL,2,2,3,NORMAL,100.0,N/A,NONE
11:03:36,PLC_01,READ_SENSOR,192.168.1.10,23,1,1,NORMAL,0,4,3,NORMAL,100.0,N/A,NONE
10:48:54,PLC_02,WRITE_REGISTER,192.168.1.11,32,0,3,NORMAL,1,7,4,NORMAL,100.0,N/A,NONE
10:19:12,SENSOR_01,WRITE_REGISTER,192.168.1.10,43,1,5,NORMAL,3,7,3,NORMAL,92.9,N/A,NONE
10:28:12,PLC_03,WRITE_REGISTER,192.168.1.10,35,1,2,NORMAL,2,7,3,NORMAL,99.7,N/A,NONE
10:29:00,PLC_01,STATUS_CHECK,192.168.1.12,45,0,4,NORMAL,0,5,5,NORMAL,99.8,N/A,NONE
10:18:00,PLC_02,WRITE_REGISTER,192.168.1.12,34,0,4,NORMAL,1,7,5,NORMAL,100.0,N/A,NONE
11:00:00,PLC_01,READ_SENSOR,192.168.1.10,24,0,4,NORMAL,0,4,3,NORMAL,100.0,N/A,NONE
10:27:20,SENSOR_02,HEARTBEAT,192.168.1.11,12,1,2,NORMAL,4,2,4,NORMAL,99.9,N/A,NONE
10:04:40,PLC_02,WRITE_REGISTER,192.168.1.12,46,1,2,NORMAL,1,7,5,NORMAL,100.0,N/A,NONE
10:03:39,PLC_02,STOP_MOTOR,192.168.1.10,52,0,2,SPOOFING,1,6,3,SPOOFING,81.7,T0831,CRITICAL
10:32:10,SENSOR_02,STATUS_CHECK,192.168.1.10,24,1,5,NORMAL,4,5,3,NORMAL,100.0,N/A,NONE
10:32:20,PLC_03,STATUS_CHECK,192.168.1.11,39,0,5,NORMAL,2,5,4,NORMAL,100.0,N/A,NONE
10:02:36,PLC_01,DISABLE_ALARM,10.0.0.55,73,3,15,COMMAND_INJECTION,0,0,0,COMMAND_INJECTION,100.0,T0836,CRITICAL
10:14:05,SENSOR_02,READ_SENSOR,192.168.1.11,19,0,5,NORMAL,4,4,4,NORMAL,100.0,N/A,NONE
10:00:10,PLC_01,STOP_MOTOR,192.168.1.10,71,0,3,SPOOFING,0,6,3,SPOOFING,99.2,T0831,CRITICAL
10:18:40,SENSOR_02,HEARTBEAT,192.168.1.11,50,1,5,NORMAL,4,2,4,NORMAL,100.0,N/A,NONE
10:23:04,SENSOR_02,READ_SENSOR,192.168.1.11,42,0,5,NORMAL,4,4,4,NORMAL,100.0,N/A,NONE
10:00:24,SENSOR_01,READ_SENSOR,192.168.1.12,28,1,5,NORMAL,3,4,5,NORMAL,100.0,N/A,NONE
10:03:00,PLC_01,DISABLE_ALARM,192.168.1.10,79,1,2,SPOOFING,0,0,3,SPOOFING,97.0,T0831,CRITICAL
10:55:46,PLC_01,HEARTBEAT,192.168.1.12,32,0,2,NORMAL,0,2,5,NORMAL,100.0,N/A,NONE
10:10:57,SENSOR_02,HEARTBEAT,192.168.1.10,40,1,3,NORMAL,4,2,3,NORMAL,99.0,N/A,NONE
10:00:30,SENSOR_02,WRITE_REGISTER,172.16.0.88,47,10,12,UNAUTHORIZED_ACCESS,4,7,2,UNAUTHORIZED_ACCESS,100.0,T0801,MEDIUM
10:00:26,PLC_01,DISABLE_ALARM,192.168.9.99,64,2,15,COMMAND_INJECTION,0,0,6,COMMAND_INJECTION,100.0,T0836,CRITICAL
10:15:52,PLC_03,WRITE_REGISTER,192.168.1.12,50,0,5,NORMAL,2,7,5,NORMAL,96.0,N/A,NONE
10:12:05,PLC_02,WRITE_REGISTER,192.168.1.10,49,1,5,NORMAL,1,7,3,NORMAL,99.0,N/A,NONE
10:07:40,SENSOR_02,OVERRIDE_VALVE,192.168.1.10,44,1,2,SPOOFING,4,3,3,SPOOFING,88.5,T0831,CRITICAL
10:11:42,SENSOR_02,WRITE_REGISTER,192.168.1.12,19,1,4,NORMAL,4,7,5,NORMAL,100.0,N/A,NONE
10:33:00,PLC_02,WRITE_REGISTER,192.168.1.10,49,0,4,NORMAL,1,7,3,NORMAL,98.0,N/A,NONE
10:01:32,PLC_03,WRITE_REGISTER,192.168.9.99,57,12,12,UNAUTHORIZED_ACCESS,2,7,6,UNAUTHORIZED_ACCESS,100.0,T0801,MEDIUM
11:15:00,SENSOR_02,STATUS_CHECK,192.168.1.12,28,1,2,NORMAL,4,5,5,NORMAL,100.0,N/A,NONE
10:13:12,SENSOR_02,WRITE_REGISTER,192.168.1.10,27,1,3,NORMAL,4,7,3,NORMAL,99.6,N/A,NONE
10:01:30,PLC_03,WRITE_REGISTER,172.16.0.88,33,11,18,UNAUTHORIZED_ACCESS,2,7,2,UNAUTHORIZED_ACCESS,100.0,T0801,MEDIUM
10:03:42,PLC_01,STOP_MOTOR,192.168.1.10,76,1,3,SPOOFING,0,6,3,SPOOFING,100.0,T0831,CRITICAL
10:24:40,PLC_01,STATUS_CHECK,192.168.1.12,24,1,5,NORMAL,0,5,5,NORMAL,100.0,N/A,NONE
10:05:28,PLC_03,WRITE_REGISTER,192.168.1.12,30,0,3,NORMAL,2,7,5,NORMAL,100.0,N/A,NONE
10:01:36,SENSOR_02,STATUS_CHECK,172.16.0.88,287,2,28,DDoS,4,5,2,DDoS,100.0,T0814,HIGH
10:07:12,PLC_01,HEARTBEAT,192.168.1.11,14,0,2,NORMAL,0,2,4,NORMAL,100.0,N/A,NONE
11:28:12,SENSOR_02,HEARTBEAT,192.168.1.12,21,0,2,NORMAL,4,2,5,NORMAL,99.9,N/A,NONE
10:09:20,PLC_02,WRITE_REGISTER,192.168.1.11,32,1,2,NORMAL,1,7,4,NORMAL,100.0,N/A,NONE
10:27:00,SENSOR_02,READ_SENSOR,192.168.1.10,28,0,3,NORMAL,4,4,3,NORMAL,99.8,N/A,NONE
10:36:50,PLC_01,READ_SENSOR,192.168.1.12,18,0,2,NORMAL,0,4,5,NORMAL,100.0,N/A,NONE
10:03:48,PLC_01,OVERRIDE_VALVE,192.168.1.10,47,0,3,SPOOFING,0,3,3,SPOOFING,70.1,T0831,CRITICAL
10:06:28,PLC_02,WRITE_REGISTER,10.0.0.55,59,12,15,UNAUTHORIZED_ACCESS,1,7,0,UNAUTHORIZED_ACCESS,100.0,T0801,MEDIUM
10:02:24,PLC_03,HEARTBEAT,192.168.1.12,33,1,5,NORMAL,2,2,5,NORMAL,100.0,N/A,NONE
11:17:50,PLC_01,WRITE_REGISTER,192.168.1.10,10,0,2,NORMAL,0,7,3,NORMAL,99.4,N/A,NONE
10:44:55,PLC_03,READ_SENSOR,192.168.1.11,18,1,5,NORMAL,2,4,4,NORMAL,100.0,N/A,NONE
11:01:57,PLC_03,HEARTBEAT,192.168.1.11,32,1,3,NORMAL,2,2,4,NORMAL,100.0,N/A,NONE
10:00:36,PLC_01,STATUS_CHECK,10.0.0.55,156,1,42,DDoS,0,5,0,DDoS,100.0,T0814,HIGH
10:03:08,SENSOR_02,STATUS_CHECK,192.168.9.99,216,0,33,DDoS,4,5,6,DDoS,100.0,T0814,HIGH
10:01:18,SENSOR_02,WRITE_REGISTER,192.168.9.99,41,13,10,UNAUTHORIZED_ACCESS,4,7,6,UNAUTHORIZED_ACCESS,100.0,T0801,MEDIUM
10:50:42,SENSOR_02,READ_SENSOR,192.168.1.10,22,0,4,NORMAL,4,4,3,NORMAL,99.9,N/A,NONE
10:04:15,SENSOR_02,READ_SENSOR,192.168.1.11,47,0,4,NORMAL,4,4,4,NORMAL,99.1,N/A,NONE
10:50:42,PLC_03,READ_SENSOR,192.168.1.10,16,0,3,NORMAL,2,4,3,NORMAL,99.9,N/A,NONE
10:34:24,PLC_03,STATUS_CHECK,192.168.1.11,26,1,4,NORMAL,2,5,4,NORMAL,100.0,N/A,NONE
10:01:20,SENSOR_02,WRITE_REGISTER,10.10.10.5,44,10,17,UNAUTHORIZED_ACCESS,4,7,1,UNAUTHORIZED_ACCESS,100.0,T0801,MEDIUM
10:04:03,SENSOR_02,DISABLE_ALARM,192.168.1.10,46,1,3,SPOOFING,4,0,3,SPOOFING,95.5,T0831,CRITICAL
10:22:00,PLC_02,STATUS_CHECK,192.168.1.12,24,1,5,NORMAL,1,5,5,NORMAL,100.0,N/A,NONE
10:00:51,PLC_03,STOP_MOTOR,192.168.9.99,75,3,9,COMMAND_INJECTION,2,6,6,COMMAND_INJECTION,98.0,T0836,CRITICAL
10:00:20,SENSOR_02,DISABLE_ALARM,192.168.1.10,60,0,1,SPOOFING,4,0,3,SPOOFING,100.0,T0831,CRITICAL
10:01:22,PLC_02,STATUS_CHECK,10.10.10.5,191,0,26,DDoS,1,5,1,DDoS,100.0,T0814,HIGH
10:01:04,PLC_01,OVERRIDE_VALVE,10.0.0.55,74,1,11,COMMAND_INJECTION,0,3,0,COMMAND_INJECTION,100.0,T0836,CRITICAL
11:17:42,PLC_01,HEARTBEAT,192.168.1.11,25,0,4,NORMAL,0,2,4,NORMAL,100.0,N/A,NONE
10:22:21,PLC_01,READ_SENSOR,192.168.1.10,12,1,3,NORMAL,0,4,3,NORMAL,99.8,N/A,NONE
10:01:12,PLC_03,HEARTBEAT,192.168.1.10,39,0,3,NORMAL,2,2,3,NORMAL,99.0,N/A,NONE
10:00:45,SENSOR_02,OVERRIDE_VALVE,192.168.1.10,76,0,1,SPOOFING,4,3,3,SPOOFING,97.8,T0831,CRITICAL
10:48:18,PLC_01,HEARTBEAT,192.168.1.10,31,0,2,NORMAL,0,2,3,NORMAL,99.4,N/A,NONE
10:47:20,PLC_01,HEARTBEAT,192.168.1.11,39,1,4,NORMAL,0,2,4,NORMAL,100.0,N/A,NONE
10:50:31,PLC_02,WRITE_REGISTER,192.168.1.12,35,1,1,NORMAL,1,7,5,NORMAL,100.0,N/A,NONE
10:24:28,PLC_02,READ_SENSOR,192.168.1.10,37,1,5,NORMAL,1,4,3,NORMAL,100.0,N/A,NONE
10:06:55,PLC_01,STATUS_CHECK,192.168.1.11,30,0,4,NORMAL,0,5,4,NORMAL,100.0,N/A,NONE
10:06:06,PLC_03,READ_SENSOR,192.168.1.12,37,0,5,NORMAL,2,4,5,NORMAL,100.0,N/A,NONE
10:00:38,PLC_03,STATUS_CHECK,10.0.0.55,206,2,43,DDoS,2,5,0,DDoS,100.0,T0814,HIGH
10:22:40,PLC_03,READ_SENSOR,192.168.1.11,25,1,1,NORMAL,2,4,4,NORMAL,100.0,N/A,NONE
10:42:45,SENSOR_02,STATUS_CHECK,192.168.1.12,31,1,5,NORMAL,4,5,5,NORMAL,100.0,N/A,NONE
10:42:00,PLC_02,WRITE_REGISTER,192.168.1.12,34,1,4,NORMAL,1,7,5,NORMAL,100.0,N/A,NONE
10:35:24,PLC_02,STATUS_CHECK,192.168.1.12,15,0,1,NORMAL,1,5,5,NORMAL,100.0,N/A,NONE
10:45:36,SENSOR_02,WRITE_REGISTER,192.168.1.11,41,0,2,NORMAL,4,7,4,NORMAL,100.0,N/A,NONE
10:46:20,PLC_03,READ_SENSOR,192.168.1.10,37,0,3,NORMAL,2,4,3,NORMAL,99.9,N/A,NONE
10:01:24,PLC_01,WRITE_REGISTER,192.168.1.12,30,0,4,NORMAL,0,7,5,NORMAL,100.0,N/A,NONE
10:09:06,SENSOR_02,STATUS_CHECK,192.168.1.12,17,1,3,NORMAL,4,5,5,NORMAL,100.0,N/A,NONE
10:55:12,PLC_01,READ_SENSOR,192.168.1.10,32,0,5,NORMAL,0,4,3,NORMAL,100.0,N/A,NONE
10:01:21,PLC_02,DISABLE_ALARM,172.16.0.88,109,2,7,COMMAND_INJECTION,1,0,2,COMMAND_INJECTION,100.0,T0836,CRITICAL
10:00:30,PLC_01,STATUS_CHECK,172.16.0.88,199,1,36,DDoS,0,5,2,DDoS,100.0,T0814,HIGH
10:22:18,PLC_03,HEARTBEAT,192.168.1.11,28,1,5,NORMAL,2,2,4,NORMAL,100.0,N/A,NONE
10:38:08,SENSOR_01,HEARTBEAT,192.168.1.10,14,1,3,NORMAL,3,2,3,NORMAL,98.6,N/A,NONE
10:01:10,PLC_03,WRITE_REGISTER,192.168.9.99,45,6,16,UNAUTHORIZED_ACCESS,2,7,6,UNAUTHORIZED_ACCESS,100.0,T0801,MEDIUM
10:01:46,PLC_03,STATUS_CHECK,10.0.0.55,246,2,32,DDoS,2,5,0,DDoS,100.0,T0814,HIGH
11:30:50,PLC_02,STATUS_CHECK,192.168.1.12,21,0,4,NORMAL,1,5,5,NORMAL,100.0,N/A,NONE
11:37:00,PLC_03,HEARTBEAT,192.168.1.10,16,0,1,NORMAL,2,2,3,NORMAL,98.3,N/A,NONE
10:00:33,PLC_03,STATUS_CHECK,192.168.9.99,200,2,38,DDoS,2,5,6,DDoS,100.0,T0814,HIGH
10:23:28,SENSOR_02,WRITE_REGISTER,192.168.1.10,18,1,5,NORMAL,4,7,3,NORMAL,99.7,N/A,NONE
10:02:10,SENSOR_01,STATUS_CHECK,10.0.0.55,206,1,39,DDoS,3,5,0,DDoS,100.0,T0814,HIGH
10:02:26,PLC_03,STATUS_CHECK,192.168.9.99,258,0,28,DDoS,2,5,6,DDoS,100.0,T0814,HIGH
10:58:30,PLC_02,READ_SENSOR,192.168.1.11,23,1,2,NORMAL,1,4,4,NORMAL,100.0,N/A,NONE
10:02:26,PLC_03,FORCE_WRITE,10.10.10.5,110,2,5,COMMAND_INJECTION,2,1,1,COMMAND_INJECTION,100.0,T0836,CRITICAL
10:58:57,SENSOR_01,READ_SENSOR,192.168.1.12,49,0,4,NORMAL,3,4,5,NORMAL,100.0,N/A,NONE
10:27:10,PLC_03,HEARTBEAT,192.168.1.12,19,1,1,NORMAL,2,2,5,NORMAL,100.0,N/A,NONE
10:33:04,SENSOR_01,READ_SENSOR,192.168.1.12,32,1,3,NORMAL,3,4,5,NORMAL,100.0,N/A,NONE
10:01:08,PLC_03,STATUS_CHECK,172.16.0.88,182,2,40,DDoS,2,5,2,DDoS,100.0,T0814,HIGH
10:04:15,PLC_03,FORCE_WRITE,192.168.9.99,96,2,15,COMMAND_INJECTION,2,1,6,COMMAND_INJECTION,99.0,T0836,CRITICAL
10:02:18,PLC_02,STATUS_CHECK,192.168.9.99,195,1,48,DDoS,1,5,6,DDoS,100.0,T0814,HIGH
10:56:15,PLC_03,HEARTBEAT,192.168.1.11,37,0,3,NORMAL,2,2,4,NORMAL,100.0,N/A,NONE
10:48:04,SENSOR_02,WRITE_REGISTER,192.168.1.11,28,1,5,NORMAL,4,7,4,NORMAL,100.0,N/A,NONE
10:07:24,PLC_03,HEARTBEAT,192.168.1.12,25,1,4,NORMAL,2,2,5,NORMAL,100.0,N/A,NONE
10:09:25,SENSOR_02,READ_SENSOR,192.168.1.10,10,1,4,NORMAL,4,4,3,NORMAL,100.0,N/A,NONE
10:39:52,SENSOR_02,WRITE_REGISTER,192.168.1.12,45,1,2,NORMAL,4,7,5,NORMAL,98.4,N/A,NONE
10:01:01,SENSOR_02,WRITE_REGISTER,10.0.0.55,20,11,25,UNAUTHORIZED_ACCESS,4,7,0,UNAUTHORIZED_ACCESS,100.0,T0801,MEDIUM
10:26:00,PLC_03,READ_SENSOR,192.168.1.12,17,0,3,NORMAL,2,4,5,NORMAL,100.0,N/A,NONE
10:12:08,PLC_01,WRITE_REGISTER,192.168.1.11,24,1,2,NORMAL,0,7,4,NORMAL,100.0,N/A,NONE
10:19:00,PLC_03,READ_SENSOR,192.168.1.10,28,1,4,NORMAL,2,4,3,NORMAL,100.0,N/A,NONE
11:09:30,PLC_03,READ_SENSOR,192.168.1.12,15,1,3,NORMAL,2,4,5,NORMAL,100.0,N/A,NONE
11:10:00,PLC_02,STATUS_CHECK,192.168.1.11,39,1,1,NORMAL,1,5,4,NORMAL,100.0,N/A,NONE
10:53:19,PLC_01,READ_SENSOR,192.168.1.10,43,1,3,NORMAL,0,4,3,NORMAL,93.4,N/A,NONE
10:20:27,SENSOR_01,STATUS_CHECK,192.168.1.11,15,1,1,NORMAL,3,5,4,NORMAL,100.0,N/A,NONE
10:12:16,PLC_01,HEARTBEAT,192.168.1.11,16,1,3,NORMAL,0,2,4,NORMAL,100.0,N/A,NONE
10:01:00,SENSOR_02,WRITE_REGISTER,192.168.9.99,38,14,10,UNAUTHORIZED_ACCESS,4,7,6,UNAUTHORIZED_ACCESS,100.0,T0801,MEDIUM
10:04:27,PLC_03,HEARTBEAT,192.168.1.11,22,0,5,NORMAL,2,2,4,NORMAL,100.0,N/A,NONE
10:28:00,SENSOR_01,WRITE_REGISTER,192.168.1.11,23,1,1,NORMAL,3,7,4,NORMAL,100.0,N/A,NONE
10:05:52,PLC_02,WRITE_REGISTER,172.16.0.88,23,8,13,UNAUTHORIZED_ACCESS,1,7,2,UNAUTHORIZED_ACCESS,100.0,T0801,MEDIUM
10:00:42,SENSOR_01,WRITE_REGISTER,192.168.9.99,56,12,17,UNAUTHORIZED_ACCESS,3,7,6,UNAUTHORIZED_ACCESS,100.0,T0801,MEDIUM
10:01:39,PLC_01,WRITE_REGISTER,192.168.9.99,58,7,28,UNAUTHORIZED_ACCESS,0,7,6,UNAUTHORIZED_ACCESS,99.0,T0801,MEDIUM
10:00:05,SENSOR_02,STATUS_CHECK,172.16.0.88,151,1,34,DDoS,4,5,2,DDoS,100.0,T0814,HIGH
10:49:25,SENSOR_02,STATUS_CHECK,192.168.1.12,17,1,5,NORMAL,4,5,5,NORMAL,100.0,N/A,NONE
10:00:22,SENSOR_02,STATUS_CHECK,192.168.9.99,179,2,31,DDoS,4,5,6,DDoS,100.0,T0814,HIGH
10:15:40,SENSOR_01,HEARTBEAT,192.168.1.12,47,1,3,NORMAL,3,2,5,NORMAL,99.7,N/A,NONE
10:01:06,PLC_03,READ_SENSOR,192.168.1.10,12,1,4,NORMAL,2,4,3,NORMAL,100.0,N/A,NONE
10:39:36,SENSOR_01,READ_SENSOR,192.168.1.11,41,1,5,NORMAL,3,4,4,NORMAL,100.0,N/A,NONE
10:35:32,PLC_01,STATUS_CHECK,192.168.1.12,48,1,3,NORMAL,0,5,5,NORMAL,99.7,N/A,NONE
10:07:10,SENSOR_02,READ_SENSOR,192.168.1.10,44,0,5,NORMAL,4,4,3,NORMAL,94.0,N/A,NONE
10:06:18,PLC_02,STATUS_CHECK,192.168.1.11,30,0,1,NORMAL,1,5,4,NORMAL,100.0,N/A,NONE
10:16:27,PLC_02,READ_SENSOR,192.168.1.11,38,0,5,NORMAL,1,4,4,NORMAL,100.0,N/A,NONE
10:11:08,PLC_02,READ_SENSOR,192.168.1.10,31,0,2,NORMAL,1,4,3,NORMAL,99.8,N/A,NONE
10:33:08,PLC_03,WRITE_REGISTER,192.168.1.11,20,0,5,NORMAL,2,7,4,NORMAL,100.0,N/A,NONE
10:02:32,PLC_03,OVERRIDE_VALVE,10.10.10.5,71,3,6,COMMAND_INJECTION,2,3,1,COMMAND_INJECTION,100.0,T0836,CRITICAL
10:29:51,PLC_03,WRITE_REGISTER,192.168.1.12,12,1,4,NORMAL,2,7,5,NORMAL,100.0,N/A,NONE
10:01:52,PLC_03,DISABLE_ALARM,192.168.1.10,80,1,1,SPOOFING,2,0,3,SPOOFING,97.0,T0831,CRITICAL
10:10:00,SENSOR_01,WRITE_REGISTER,192.168.1.11,47,1,4,NORMAL,3,7,4,NORMAL,98.8,N/A,NONE
10:56:48,PLC_01,HEARTBEAT,192.168.1.12,18,1,1,NORMAL,0,2,5,NORMAL,100.0,N/A,NONE
10:11:52,SENSOR_02,WRITE_REGISTER,192.168.1.11,38,0,4,NORMAL,4,7,4,NORMAL,100.0,N/A,NONE
10:29:36,PLC_01,STATUS_CHECK,192.168.1.11,27,0,3,NORMAL,0,5,4,NORMAL,100.0,N/A,NONE
10:27:44,PLC_01,HEARTBEAT,192.168.1.12,27,1,4,NORMAL,0,2,5,NORMAL,100.0,N/A,NONE
10:03:30,PLC_02,FORCE_WRITE,10.10.10.5,106,3,14,COMMAND_INJECTION,1,1,1,COMMAND_INJECTION,100.0,T0836,CRITICAL
10:01:22,PLC_03,OVERRIDE_VALVE,10.0.0.55,106,1,12,COMMAND_INJECTION,2,3,0,COMMAND_INJECTION,100.0,T0836,CRITICAL
10:02:40,PLC_02,STATUS_CHECK,172.16.0.88,293,2,35,DDoS,1,5,2,DDoS,100.0,T0814,HIGH
10:23:36,SENSOR_01,STATUS_CHECK,192.168.1.11,42,1,1,NORMAL,3,5,4,NORMAL,100.0,N/A,NONE
10:26:20,SENSOR_02,READ_SENSOR,192.168.1.12,21,1,3,NORMAL,4,4,5,NORMAL,100.0,N/A,NONE
10:00:11,SENSOR_02,WRITE_REGISTER,10.10.10.5,28,9,11,UNAUTHORIZED_ACCESS,4,7,1,UNAUTHORIZED_ACCESS,100.0,T0801,MEDIUM
10:04:39,SENSOR_01,STOP_MOTOR,192.168.1.10,78,1,1,SPOOFING,3,6,3,SPOOFING,98.9,T0831,CRITICAL
10:01:00,SENSOR_02,WRITE_REGISTER,10.10.10.5,50,11,22,UNAUTHORIZED_ACCESS,4,7,1,UNAUTHORIZED_ACCESS,100.0,T0801,MEDIUM
10:01:24,PLC_01,STATUS_CHECK,10.0.0.55,270,2,33,DDoS,0,5,0,DDoS,100.0,T0814,HIGH
10:19:09,PLC_03,READ_SENSOR,192.168.1.10,25,1,2,NORMAL,2,4,3,NORMAL,99.9,N/A,NONE
10:01:52,SENSOR_02,WRITE_REGISTER,192.168.9.99,48,9,13,UNAUTHORIZED_ACCESS,4,7,6,UNAUTHORIZED_ACCESS,100.0,T0801,MEDIUM
10:01:42,PLC_03,DISABLE_ALARM,192.168.1.10,44,1,1,SPOOFING,2,0,3,SPOOFING,95.5,T0831,CRITICAL
10:34:16,PLC_03,READ_SENSOR,192.168.1.12,44,1,3,NORMAL,2,4,5,NORMAL,99.7,N/A,NONE
10:53:48,SENSOR_02,HEARTBEAT,192.168.1.12,32,1,2,NORMAL,4,2,5,NORMAL,99.9,N/A,NONE
10:33:30,PLC_03,WRITE_REGISTER,192.168.1.11,13,1,4,NORMAL,2,7,4,NORMAL,100.0,N/A,NONE
10:01:15,SENSOR_02,HEARTBEAT,192.168.1.10,13,0,2,NORMAL,4,2,3,NORMAL,99.1,N/A,NONE
10:21:36,PLC_02,HEARTBEAT,192.168.1.12,18,0,1,NORMAL,1,2,5,NORMAL,100.0,N/A,NONE
10:04:50,PLC_03,STOP_MOTOR,192.168.1.10,50,1,3,SPOOFING,2,6,3,SPOOFING,73.8,T0831,CRITICAL
10:25:54,SENSOR_01,WRITE_REGISTER,192.168.1.12,25,1,4,NORMAL,3,7,5,NORMAL,100.0,N/A,NONE
10:23:52,SENSOR_01,HEARTBEAT,192.168.1.11,16,1,4,NORMAL,3,2,4,NORMAL,100.0,N/A,NONE
10:05:32,PLC_02,WRITE_REGISTER,10.0.0.55,29,15,18,UNAUTHORIZED_ACCESS,1,7,0,UNAUTHORIZED_ACCESS,100.0,T0801,MEDIUM
10:01:28,PLC_01,HEARTBEAT,192.168.1.10,44,0,2,NORMAL,0,2,3,NORMAL,92.4,N/A,NONE
10:29:40,PLC_01,HEARTBEAT,192.168.1.11,31,0,5,NORMAL,0,2,4,NORMAL,100.0,N/A,NONE
10:01:06,SENSOR_02,STATUS_CHECK,10.0.0.55,280,1,25,DDoS,4,5,0,DDoS,100.0,T0814,HIGH
10:03:03,PLC_02,FORCE_WRITE,10.10.10.5,93,1,8,COMMAND_INJECTION,1,1,1,COMMAND_INJECTION,100.0,T0836,CRITICAL
10:56:40,PLC_02,WRITE_REGISTER,192.168.1.11,25,1,3,NORMAL,1,7,4,NORMAL,100.0,N/A,NONE
10:28:44,SENSOR_02,HEARTBEAT,192.168.1.11,37,1,2,NORMAL,4,2,4,NORMAL,99.9,N/A,NONE
11:13:28,PLC_03,WRITE_REGISTER,192.168.1.10,34,1,2,NORMAL,2,7,3,NORMAL,99.7,N/A,NONE
10:00:33,PLC_02,DISABLE_ALARM,10.0.0.55,107,3,8,COMMAND_INJECTION,1,0,0,COMMAND_INJECTION,100.0,T0836,CRITICAL
10:27:04,PLC_02,WRITE_REGISTER,192.168.1.10,19,1,2,NORMAL,1,7,3,NORMAL,99.9,N/A,NONE
10:01:00,PLC_02,STATUS_CHECK,10.10.10.5,281,0,25,DDoS,1,5,1,DDoS,100.0,T0814,HIGH
10:15:30,PLC_02,HEARTBEAT,192.168.1.10,43,1,5,NORMAL,1,2,3,NORMAL,98.5,N/A,NONE
10:46:30,PLC_02,READ_SENSOR,192.168.1.11,36,0,5,NORMAL,1,4,4,NORMAL,100.0,N/A,NONE
10:06:48,PLC_02,READ_SENSOR,192.168.1.10,25,1,5,NORMAL,1,4,3,NORMAL,100.0,N/A,NONE
10:00:44,PLC_03,STATUS_CHECK,192.168.9.99,249,2,23,DDoS,2,5,6,DDoS,100.0,T0814,HIGH
10:47:20,PLC_02,WRITE_REGISTER,192.168.1.11,49,1,2,NORMAL,1,7,4,NORMAL,100.0,N/A,NONE
10:01:28,PLC_03,OVERRIDE_VALVE,10.10.10.5,65,2,10,COMMAND_INJECTION,2,3,1,COMMAND_INJECTION,100.0,T0836,CRITICAL
10:43:24,SENSOR_01,HEARTBEAT,192.168.1.10,25,1,5,NORMAL,3,2,3,NORMAL,100.0,N/A,NONE
10:07:39,PLC_03,HEARTBEAT,192.168.1.10,47,1,2,NORMAL,2,2,3,NORMAL,93.4,N/A,NONE
10:05:00,PLC_03,WRITE_REGISTER,192.168.1.11,31,1,5,NORMAL,2,7,4,NORMAL,100.0,N/A,NONE
10:01:00,PLC_01,DISABLE_ALARM,192.168.1.10,73,0,1,SPOOFING,0,0,3,SPOOFING,100.0,T0831,CRITICAL
10:37:10,PLC_03,WRITE_REGISTER,192.168.1.11,16,0,2,NORMAL,2,7,4,NORMAL,100.0,N/A,NONE
10:15:40,PLC_01,READ_SENSOR,192.168.1.12,43,0,4,NORMAL,0,4,5,NORMAL,100.0,N/A,NONE
10:27:06,PLC_03,WRITE_REGISTER,192.168.1.11,30,1,4,NORMAL,2,7,4,NORMAL,100.0,N/A,NONE
10:15:44,SENSOR_02,STATUS_CHECK,192.168.1.10,43,0,4,NORMAL,4,5,3,NORMAL,98.5,N/A,NONE
11:21:10,PLC_03,WRITE_REGISTER,192.168.1.12,45,1,2,NORMAL,2,7,5,NORMAL,100.0,N/A,NONE
10:07:48,PLC_01,WRITE_REGISTER,192.168.1.11,48,1,4,NORMAL,0,7,4,NORMAL,99.0,N/A,NONE
10:02:09,PLC_03,WRITE_REGISTER,172.16.0.88,37,6,18,UNAUTHORIZED_ACCESS,2,7,2,UNAUTHORIZED_ACCESS,100.0,T0801,MEDIUM
11:16:48,PLC_01,HEARTBEAT,192.168.1.10,50,0,5,NORMAL,0,2,3,NORMAL,96.7,N/A,NONE
10:00:25,PLC_02,OVERRIDE_VALVE,10.0.0.55,80,1,13,COMMAND_INJECTION,1,3,0,COMMAND_INJECTION,100.0,T0836,CRITICAL
10:49:15,SENSOR_01,STATUS_CHECK,192.168.1.12,45,1,5,NORMAL,3,5,5,NORMAL,100.0,N/A,NONE
10:06:18,PLC_02,STATUS_CHECK,192.168.1.12,41,1,1,NORMAL,1,5,5,NORMAL,100.0,N/A,NONE
10:07:44,SENSOR_02,WRITE_REGISTER,192.168.1.12,19,1,2,NORMAL,4,7,5,NORMAL,100.0,N/A,NONE
10:23:39,SENSOR_02,WRITE_REGISTER,192.168.1.12,28,1,4,NORMAL,4,7,5,NORMAL,100.0,N/A,NONE
10:03:06,PLC_03,STATUS_CHECK,10.0.0.55,199,1,49,DDoS,2,5,0,DDoS,100.0,T0814,HIGH
10:05:42,PLC_01,WRITE_REGISTER,192.168.1.11,31,1,1,NORMAL,0,7,4,NORMAL,100.0,N/A,NONE
10:03:09,PLC_02,DISABLE_ALARM,172.16.0.88,76,3,14,COMMAND_INJECTION,1,0,2,COMMAND_INJECTION,100.0,T0836,CRITICAL
10:00:36,SENSOR_02,WRITE_REGISTER,192.168.9.99,20,13,21,UNAUTHORIZED_ACCESS,4,7,6,UNAUTHORIZED_ACCESS,100.0,T0801,MEDIUM
10:49:12,SENSOR_01,READ_SENSOR,192.168.1.11,36,1,1,NORMAL,3,4,4,NORMAL,100.0,N/A,NONE
10:31:16,PLC_02,HEARTBEAT,192.168.1.12,50,0,4,NORMAL,1,2,5,NORMAL,99.0,N/A,NONE
10:05:22,PLC_01,WRITE_REGISTER,192.168.1.11,17,0,5,NORMAL,0,7,4,NORMAL,100.0,N/A,NONE
10:17:27,PLC_02,HEARTBEAT,192.168.1.11,13,1,4,NORMAL,1,2,4,NORMAL,100.0,N/A,NONE
10:22:45,PLC_03,READ_SENSOR,192.168.1.10,41,1,2,NORMAL,2,4,3,NORMAL,97.8,N/A,NONE
10:04:57,PLC_03,WRITE_REGISTER,10.0.0.55,41,7,11,UNAUTHORIZED_ACCESS,2,7,0,UNAUTHORIZED_ACCESS,100.0,T0801,MEDIUM
10:00:34,PLC_01,OVERRIDE_VALVE,10.10.10.5,115,3,12,COMMAND_INJECTION,0,3,1,COMMAND_INJECTION,100.0,T0836,CRITICAL
10:02:24,PLC_03,DISABLE_ALARM,192.168.1.10,74,0,1,SPOOFING,2,0,3,SPOOFING,99.0,T0831,CRITICAL
10:39:27,SENSOR_02,READ_SENSOR,192.168.1.10,43,0,3,NORMAL,4,4,3,NORMAL,95.2,N/A,NONE
11:13:50,PLC_03,STATUS_CHECK,192.168.1.10,33,0,3,NORMAL,2,5,3,NORMAL,99.9,N/A,NONE
10:02:30,PLC_03,STATUS_CHECK,10.0.0.55,151,2,43,DDoS,2,5,0,DDoS,99.0,T0814,HIGH
10:25:20,PLC_03,READ_SENSOR,192.168.1.10,29,0,3,NORMAL,2,4,3,NORMAL,99.9,N/A,NONE
10:51:09,SENSOR_01,STATUS_CHECK,192.168.1.11,26,1,5,NORMAL,3,5,4,NORMAL,100.0,N/A,NONE
10:03:18,SENSOR_01,WRITE_REGISTER,192.168.9.99,60,12,16,UNAUTHORIZED_ACCESS,3,7,6,UNAUTHORIZED_ACCESS,100.0,T0801,MEDIUM
10:17:23,PLC_02,HEARTBEAT,192.168.1.11,16,0,4,NORMAL,1,2,4,NORMAL,100.0,N/A,NONE
10:18:36,SENSOR_02,READ_SENSOR,192.168.1.11,15,1,3,NORMAL,4,4,4,NORMAL,100.0,N/A,NONE
10:05:44,PLC_03,DISABLE_ALARM,192.168.1.10,68,1,1,SPOOFING,2,0,3,SPOOFING,100.0,T0831,CRITICAL
10:08:20,SENSOR_02,HEARTBEAT,192.168.1.12,10,0,1,NORMAL,4,2,5,NORMAL,99.9,N/A,NONE
10:41:11,SENSOR_01,READ_SENSOR,192.168.1.11,35,1,5,NORMAL,3,4,4,NORMAL,100.0,N/A,NONE
10:01:48,SENSOR_01,WRITE_REGISTER,10.10.10.5,56,10,23,UNAUTHORIZED_ACCESS,3,7,1,UNAUTHORIZED_ACCESS,100.0,T0801,MEDIUM
10:09:28,SENSOR_01,READ_SENSOR,192.168.1.12,16,1,2,NORMAL,3,4,5,NORMAL,100.0,N/A,NONE
10:31:20,PLC_03,READ_SENSOR,192.168.1.10,39,0,2,NORMAL,2,4,3,NORMAL,99.2,N/A,NONE
10:53:12,PLC_01,WRITE_REGISTER,192.168.1.11,17,0,3,NORMAL,0,7,4,NORMAL,100.0,N/A,NONE
10:00:25,PLC_03,STATUS_CHECK,10.10.10.5,247,1,46,DDoS,2,5,1,DDoS,100.0,T0814,HIGH
10:37:20,PLC_01,WRITE_REGISTER,192.168.1.12,14,0,4,NORMAL,0,7,5,NORMAL,100.0,N/A,NONE
10:01:35,SENSOR_02,READ_SENSOR,192.168.1.12,29,0,2,NORMAL,4,4,5,NORMAL,100.0,N/A,NONE
10:00:18,PLC_02,DISABLE_ALARM,192.168.9.99,81,1,13,COMMAND_INJECTION,1,0,6,COMMAND_INJECTION,98.0,T0836,CRITICAL
10:06:00,PLC_02,OVERRIDE_VALVE,192.168.1.10,56,1,3,SPOOFING,1,3,3,SPOOFING,98.6,T0831,CRITICAL
10:00:24,PLC_01,FORCE_WRITE,192.168.9.99,81,3,6,COMMAND_INJECTION,0,1,6,COMMAND_INJECTION,100.0,T0836,CRITICAL
10:27:08,SENSOR_02,READ_SENSOR,192.168.1.11,44,1,5,NORMAL,4,4,4,NORMAL,95.1,N/A,NONE
11:02:39,SENSOR_01,HEARTBEAT,192.168.1.11,12,0,3,NORMAL,3,2,4,NORMAL,100.0,N/A,NONE
10:00:40,SENSOR_02,STATUS_CHECK,192.168.9.99,297,0,49,DDoS,4,5,6,DDoS,100.0,T0814,HIGH
10:06:20,SENSOR_02,WRITE_REGISTER,192.168.1.10,42,0,2,NORMAL,4,7,3,NORMAL,94.4,N/A,NONE
10:26:15,SENSOR_01,READ_SENSOR,192.168.1.11,38,0,1,NORMAL,3,4,4,NORMAL,100.0,N/A,NONE
10:32:40,SENSOR_02,STATUS_CHECK,192.168.1.10,37,0,4,NORMAL,4,5,3,NORMAL,99.9,N/A,NONE
10:01:24,PLC_02,OVERRIDE_VALVE,10.0.0.55,66,1,7,COMMAND_INJECTION,1,3,0,COMMAND_INJECTION,100.0,T0836,CRITICAL
10:02:14,SENSOR_01,STATUS_CHECK,192.168.9.99,208,1,32,DDoS,3,5,6,DDoS,100.0,T0814,HIGH
10:04:30,PLC_01,OVERRIDE_VALVE,192.168.1.10,70,1,3,SPOOFING,0,3,3,SPOOFING,96.1,T0831,CRITICAL
10:02:54,PLC_03,OVERRIDE_VALVE,10.10.10.5,107,3,10,COMMAND_INJECTION,2,3,1,COMMAND_INJECTION,100.0,T0836,CRITICAL
10:10:16,PLC_03,STATUS_CHECK,192.168.1.12,36,0,2,NORMAL,2,5,5,NORMAL,100.0,N/A,NONE
10:33:29,PLC_01,HEARTBEAT,192.168.1.11,47,0,1,NORMAL,0,2,4,NORMAL,97.9,N/A,NONE
10:00:02,PLC_02,STATUS_CHECK,172.16.0.88,264,0,41,DDoS,1,5,2,DDoS,100.0,T0814,HIGH
11:34:50,SENSOR_01,WRITE_REGISTER,192.168.1.10,18,0,2,NORMAL,3,7,3,NORMAL,97.2,N/A,NONE
10:01:26,SENSOR_01,OVERRIDE_VALVE,192.168.1.10,73,1,2,SPOOFING,3,3,3,SPOOFING,99.1,T0831,CRITICAL
10:01:59,SENSOR_02,READ_SENSOR,192.168.1.12,17,1,3,NORMAL,4,4,5,NORMAL,100.0,N/A,NONE
10:12:42,PLC_03,WRITE_REGISTER,192.168.1.11,38,1,1,NORMAL,2,7,4,NORMAL,100.0,N/A,NONE
10:48:18,PLC_02,WRITE_REGISTER,192.168.1.12,36,1,4,NORMAL,1,7,5,NORMAL,100.0,N/A,NONE
10:29:45,SENSOR_01,WRITE_REGISTER,192.168.1.12,28,1,2,NORMAL,3,7,5,NORMAL,100.0,N/A,NONE
10:00:57,PLC_02,STATUS_CHECK,192.168.9.99,281,2,28,DDoS,1,5,6,DDoS,100.0,T0814,HIGH
10:01:04,SENSOR_01,WRITE_REGISTER,172.16.0.88,32,7,27,UNAUTHORIZED_ACCESS,3,7,2,UNAUTHORIZED_ACCESS,100.0,T0801,MEDIUM
10:12:40,PLC_01,WRITE_REGISTER,192.168.1.10,49,0,1,NORMAL,0,7,3,NORMAL,79.8,N/A,NONE
10:07:40,PLC_02,STATUS_CHECK,192.168.1.12,47,0,4,NORMAL,1,5,5,NORMAL,100.0,N/A,NONE
10:00:16,PLC_01,STATUS_CHECK,10.0.0.55,287,2,20,DDoS,0,5,0,DDoS,98.0,T0814,HIGH
10:00:06,PLC_01,STATUS_CHECK,10.0.0.55,232,2,21,DDoS,0,5,0,DDoS,100.0,T0814,HIGH
10:24:00,PLC_03,STATUS_CHECK,192.168.1.10,40,0,1,NORMAL,2,5,3,NORMAL,98.2,N/A,NONE
10:25:05,SENSOR_01,HEARTBEAT,192.168.1.11,22,1,3,NORMAL,3,2,4,NORMAL,100.0,N/A,NONE
10:01:58,SENSOR_01,OVERRIDE_VALVE,192.168.1.10,40,0,3,SPOOFING,3,3,3,NORMAL,84.4,N/A,NONE
10:00:48,PLC_02,FORCE_WRITE,192.168.1.10,55,1,2,SPOOFING,1,1,3,SPOOFING,99.0,T0831,CRITICAL
10:01:32,PLC_03,DISABLE_ALARM,192.168.1.10,68,0,2,SPOOFING,2,0,3,SPOOFING,100.0,T0831,CRITICAL
10:01:25,PLC_01,STATUS_CHECK,172.16.0.88,206,1,22,DDoS,0,5,2,DDoS,100.0,T0814,HIGH
10:05:16,PLC_02,WRITE_REGISTER,172.16.0.88,55,7,24,UNAUTHORIZED_ACCESS,1,7,2,UNAUTHORIZED_ACCESS,99.0,T0801,MEDIUM
11:26:10,PLC_01,WRITE_REGISTER,192.168.1.11,35,0,5,NORMAL,0,7,4,NORMAL,100.0,N/A,NONE
10:05:36,SENSOR_01,WRITE_REGISTER,10.0.0.55,31,14,11,UNAUTHORIZED_ACCESS,3,7,0,UNAUTHORIZED_ACCESS,100.0,T0801,MEDIUM
10:03:45,SENSOR_01,STATUS_CHECK,192.168.1.12,43,0,5,NORMAL,3,5,5,NORMAL,100.0,N/A,NONE
10:00:36,SENSOR_02,WRITE_REGISTER,10.10.10.5,32,8,20,UNAUTHORIZED_ACCESS,4,7,1,UNAUTHORIZED_ACCESS,100.0,T0801,MEDIUM
10:10:28,PLC_02,WRITE_REGISTER,192.168.1.12,35,1,1,NORMAL,1,7,5,NORMAL,100.0,N/A,NONE
10:00:51,PLC_03,FORCE_WRITE,192.168.9.99,89,2,12,COMMAND_INJECTION,2,1,6,COMMAND_INJECTION,99.0,T0836,CRITICAL
10:22:48,PLC_02,STATUS_CHECK,192.168.1.10,21,1,1,NORMAL,1,5,3,NORMAL,100.0,N/A,NONE
10:01:20,SENSOR_01,READ_SENSOR,192.168.1.11,34,1,5,NORMAL,3,4,4,NORMAL,100.0,N/A,NONE
11:25:10,PLC_02,WRITE_REGISTER,192.168.1.10,22,0,1,NORMAL,1,7,3,NORMAL,97.9,N/A,NONE
10:05:36,SENSOR_02,HEARTBEAT,192.168.1.11,13,0,4,NORMAL,4,2,4,NORMAL,100.0,N/A,NONE
10:04:44,SENSOR_02,WRITE_REGISTER,10.0.0.55,57,8,12,UNAUTHORIZED_ACCESS,4,7,0,UNAUTHORIZED_ACCESS,100.0,T0801,MEDIUM
10:02:40,PLC_03,WRITE_REGISTER,10.0.0.55,53,11,10,UNAUTHORIZED_ACCESS,2,7,0,UNAUTHORIZED_ACCESS,99.0,T0801,MEDIUM
11:17:15,PLC_02,WRITE_REGISTER,192.168.1.12,47,0,1,NORMAL,1,7,5,NORMAL,99.3,N/A,NONE
10:02:36,PLC_02,WRITE_REGISTER,192.168.9.99,37,5,22,UNAUTHORIZED_ACCESS,1,7,6,UNAUTHORIZED_ACCESS,100.0,T0801,MEDIUM
11:12:00,PLC_03,WRITE_REGISTER,192.168.1.10,25,1,3,NORMAL,2,7,3,NORMAL,99.6,N/A,NONE
10:14:09,PLC_01,READ_SENSOR,192.168.1.10,31,1,5,NORMAL,0,4,3,NORMAL,100.0,N/A,NONE
10:00:54,SENSOR_02,FORCE_WRITE,192.168.1.10,71,1,2,SPOOFING,4,1,3,SPOOFING,100.0,T0831,CRITICAL
10:02:34,PLC_03,FORCE_WRITE,192.168.9.99,77,2,6,COMMAND_INJECTION,2,1,6,COMMAND_INJECTION,97.0,T0836,CRITICAL
10:37:30,PLC_03,READ_SENSOR,192.168.1.12,43,0,3,NORMAL,2,4,5,NORMAL,99.0,N/A,NONE
10:02:36,SENSOR_02,WRITE_REGISTER,192.168.1.10,14,0,2,NORMAL,4,7,3,NORMAL,99.6,N/A,NONE
10:03:36,PLC_01,WRITE_REGISTER,10.10.10.5,32,14,22,UNAUTHORIZED_ACCESS,0,7,1,UNAUTHORIZED_ACCESS,100.0,T0801,MEDIUM
10:29:08,PLC_01,STATUS_CHECK,192.168.1.10,12,0,4,NORMAL,0,5,3,NORMAL,100.0,N/A,NONE
10:00:51,SENSOR_01,WRITE_REGISTER,172.16.0.88,47,15,20,UNAUTHORIZED_ACCESS,3,7,2,UNAUTHORIZED_ACCESS,100.0,T0801,MEDIUM
10:54:36,PLC_01,STATUS_CHECK,192.168.1.10,14,0,3,NORMAL,0,5,3,NORMAL,99.6,N/A,NONE
10:22:54,PLC_01,STATUS_CHECK,192.168.1.10,31,0,2,NORMAL,0,5,3,NORMAL,99.4,N/A,NONE
10:01:51,SENSOR_02,READ_SENSOR,192.168.1.12,30,0,1,NORMAL,4,4,5,NORMAL,100.0,N/A,NONE
10:01:05,SENSOR_01,WRITE_REGISTER,10.0.0.55,39,11,13,UNAUTHORIZED_ACCESS,3,7,0,UNAUTHORIZED_ACCESS,100.0,T0801,MEDIUM
10:24:56,PLC_02,STATUS_CHECK,192.168.1.10,35,1,5,NORMAL,1,5,3,NORMAL,100.0,N/A,NONE
10:54:43,PLC_01,READ_SENSOR,192.168.1.10,22,1,2,NORMAL,0,4,3,NORMAL,99.9,N/A,NONE
10:02:14,PLC_01,WRITE_REGISTER,10.0.0.55,21,14,17,UNAUTHORIZED_ACCESS,0,7,0,UNAUTHORIZED_ACCESS,100.0,T0801,MEDIUM
10:01:40,PLC_03,OVERRIDE_VALVE,192.168.9.99,117,1,8,COMMAND_INJECTION,2,3,6,COMMAND_INJECTION,100.0,T0836,CRITICAL
10:00:12,PLC_02,OVERRIDE_VALVE,192.168.1.10,55,1,1,SPOOFING,1,3,3,SPOOFING,98.8,T0831,CRITICAL
10:02:03,PLC_03,OVERRIDE_VALVE,10.10.10.5,113,3,12,COMMAND_INJECTION,2,3,1,COMMAND_INJECTION,100.0,T0836,CRITICAL
10:09:42,PLC_01,WRITE_REGISTER,192.168.1.11,23,0,3,NORMAL,0,7,4,NORMAL,100.0,N/A,NONE
10:00:54,PLC_01,FORCE_WRITE,10.0.0.55,63,1,7,COMMAND_INJECTION,0,1,0,COMMAND_INJECTION,98.0,T0836,CRITICAL
10:03:12,PLC_02,OVERRIDE_VALVE,10.10.10.5,93,3,15,COMMAND_INJECTION,1,3,1,COMMAND_INJECTION,100.0,T0836,CRITICAL
11:23:50,PLC_02,READ_SENSOR,192.168.1.10,23,0,3,NORMAL,1,4,3,NORMAL,99.8,N/A,NONE
10:04:36,SENSOR_02,WRITE_REGISTER,10.10.10.5,21,5,20,UNAUTHORIZED_ACCESS,4,7,1,UNAUTHORIZED_ACCESS,100.0,T0801,MEDIUM
10:01:30,PLC_01,FORCE_WRITE,192.168.9.99,104,2,7,COMMAND_INJECTION,0,1,6,COMMAND_INJECTION,100.0,T0836,CRITICAL
10:38:36,SENSOR_01,READ_SENSOR,192.168.1.10,35,1,1,NORMAL,3,4,3,NORMAL,98.2,N/A,NONE
10:04:32,SENSOR_01,WRITE_REGISTER,192.168.9.99,54,15,19,UNAUTHORIZED_ACCESS,3,7,6,UNAUTHORIZED_ACCESS,99.0,T0801,MEDIUM
10:27:00,PLC_01,READ_SENSOR,192.168.1.10,44,0,4,NORMAL,0,4,3,NORMAL,99.0,N/A,NONE
10:00:08,PLC_02,WRITE_REGISTER,10.0.0.55,48,13,19,UNAUTHORIZED_ACCESS,1,7,0,UNAUTHORIZED_ACCESS,100.0,T0801,MEDIUM
10:20:16,PLC_02,WRITE_REGISTER,192.168.1.12,26,0,1,NORMAL,1,7,5,NORMAL,100.0,N/A,NONE
10:00:03,PLC_02,OVERRIDE_VALVE,10.0.0.55,90,3,8,COMMAND_INJECTION,1,3,0,COMMAND_INJECTION,100.0,T0836,CRITICAL
10:01:33,PLC_02,WRITE_REGISTER,10.10.10.5,57,14,20,UNAUTHORIZED_ACCESS,1,7,1,UNAUTHORIZED_ACCESS,98.0,T0801,MEDIUM
10:03:40,PLC_03,OVERRIDE_VALVE,192.168.1.10,80,0,3,SPOOFING,2,3,3,SPOOFING,98.0,T0831,CRITICAL
10:12:57,SENSOR_02,HEARTBEAT,192.168.1.11,46,0,5,NORMAL,4,2,4,NORMAL,99.3,N/A,NONE
10:15:04,PLC_02,STATUS_CHECK,192.168.1.11,42,0,4,NORMAL,1,5,4,NORMAL,100.0,N/A,NONE
10:02:56,PLC_02,STATUS_CHECK,192.168.9.99,280,2,42,DDoS,1,5,6,DDoS,100.0,T0814,HIGH
10:08:35,PLC_02,WRITE_REGISTER,192.168.1.12,40,1,5,NORMAL,1,7,5,NORMAL,100.0,N/A,NONE
10:28:04,PLC_02,HEARTBEAT,192.168.1.11,10,1,2,NORMAL,1,2,4,NORMAL,100.0,N/A,NONE
10:48:53,PLC_03,STATUS_CHECK,192.168.1.11,45,0,5,NORMAL,2,5,4,NORMAL,100.0,N/A,NONE
10:03:20,SENSOR_01,STOP_MOTOR,192.168.1.10,61,0,1,SPOOFING,3,6,3,SPOOFING,99.0,T0831,CRITICAL
11:18:08,PLC_01,HEARTBEAT,192.168.1.10,50,0,4,NORMAL,0,2,3,NORMAL,95.7,N/A,NONE
10:06:40,PLC_02,OVERRIDE_VALVE,192.168.1.10,73,0,3,SPOOFING,1,3,3,SPOOFING,99.5,T0831,CRITICAL
10:02:24,PLC_01,STATUS_CHECK,10.10.10.5,208,1,45,DDoS,0,5,1,DDoS,100.0,T0814,HIGH
10:19:50,SENSOR_01,READ_SENSOR,192.168.1.12,12,1,3,NORMAL,3,4,5,NORMAL,100.0,N/A,NONE
10:05:18,PLC_01,STATUS_CHECK,192.168.1.12,36,0,2,NORMAL,0,5,5,NORMAL,100.0,N/A,NONE
10:17:37,PLC_01,READ_SENSOR,192.168.1.12,41,1,2,NORMAL,0,4,5,NORMAL,100.0,N/A,NONE
10:20:09,PLC_03,READ_SENSOR,192.168.1.11,18,0,4,NORMAL,2,4,4,NORMAL,100.0,N/A,NONE
10:02:15,PLC_02,WRITE_REGISTER,172.16.0.88,55,5,10,UNAUTHORIZED_ACCESS,1,7,2,UNAUTHORIZED_ACCESS,98.0,T0801,MEDIUM
10:10:21,PLC_03,READ_SENSOR,192.168.1.11,39,1,1,NORMAL,2,4,4,NORMAL,100.0,N/A,NONE
10:00:58,PLC_02,STATUS_CHECK,10.0.0.55,190,1,39,DDoS,1,5,0,DDoS,100.0,T0814,HIGH
10:00:43,PLC_02,DISABLE_ALARM,172.16.0.88,88,1,7,COMMAND_INJECTION,1,0,2,COMMAND_INJECTION,100.0,T0836,CRITICAL
10:02:04,PLC_01,FORCE_WRITE,192.168.1.10,49,0,1,SPOOFING,0,1,3,SPOOFING,93.0,T0831,CRITICAL
10:00:48,PLC_01,HEARTBEAT,192.168.1.11,39,1,2,NORMAL,0,2,4,NORMAL,100.0,N/A,NONE
10:00:07,PLC_03,STOP_MOTOR,192.168.9.99,107,1,8,COMMAND_INJECTION,2,6,6,COMMAND_INJECTION,98.0,T0836,CRITICAL
10:04:12,SENSOR_01,HEARTBEAT,192.168.1.10,22,1,2,NORMAL,3,2,3,NORMAL,97.7,N/A,NONE
11:15:20,PLC_01,STATUS_CHECK,192.168.1.10,28,1,5,NORMAL,0,5,3,NORMAL,100.0,N/A,NONE
10:00:51,PLC_02,STATUS_CHECK,172.16.0.88,249,1,49,DDoS,1,5,2,DDoS,100.0,T0814,HIGH
10:33:44,SENSOR_01,STATUS_CHECK,192.168.1.12,27,0,1,NORMAL,3,5,5,NORMAL,100.0,N/A,NONE
10:15:09,PLC_02,HEARTBEAT,192.168.1.10,12,1,4,NORMAL,1,2,3,NORMAL,100.0,N/A,NONE
10:03:50,PLC_02,FORCE_WRITE,192.168.1.10,41,0,1,SPOOFING,1,1,3,SPOOFING,92.0,T0831,CRITICAL
11:25:39,PLC_03,READ_SENSOR,192.168.1.12,18,1,4,NORMAL,2,4,5,NORMAL,100.0,N/A,NONE
10:00:23,SENSOR_02,STATUS_CHECK,192.168.9.99,299,0,42,DDoS,4,5,6,DDoS,100.0,T0814,HIGH
10:01:36,PLC_02,FORCE_WRITE,192.168.1.10,68,0,1,SPOOFING,1,1,3,SPOOFING,100.0,T0831,CRITICAL
10:03:02,PLC_03,STOP_MOTOR,192.168.9.99,84,1,6,COMMAND_INJECTION,2,6,6,COMMAND_INJECTION,98.0,T0836,CRITICAL
10:43:40,SENSOR_02,STATUS_CHECK,192.168.1.10,45,0,2,NORMAL,4,5,3,NORMAL,84.6,N/A,NONE
10:00:20,PLC_03,STATUS_CHECK,172.16.0.88,225,0,50,DDoS,2,5,2,DDoS,100.0,T0814,HIGH
10:49:30,PLC_03,HEARTBEAT,192.168.1.10,22,1,5,NORMAL,2,2,3,NORMAL,100.0,N/A,NONE
10:34:30,PLC_02,WRITE_REGISTER,192.168.1.10,30,0,4,NORMAL,1,7,3,NORMAL,100.0,N/A,NONE
10:20:00,SENSOR_02,STATUS_CHECK,192.168.1.12,28,0,4,NORMAL,4,5,5,NORMAL,100.0,N/A,NONE
10:02:56,PLC_03,OVERRIDE_VALVE,192.168.1.10,53,1,1,SPOOFING,2,3,3,SPOOFING,98.0,T0831,CRITICAL
10:01:20,SENSOR_01,STATUS_CHECK,10.10.10.5,264,1,44,DDoS,3,5,1,DDoS,100.0,T0814,HIGH
10:02:58,PLC_02,OVERRIDE_VALVE,172.16.0.88,96,1,7,COMMAND_INJECTION,1,3,2,COMMAND_INJECTION,100.0,T0836,CRITICAL
10:27:30,PLC_03,WRITE_REGISTER,192.168.1.10,10,0,2,NORMAL,2,7,3,NORMAL,98.8,N/A,NONE
10:01:26,PLC_02,OVERRIDE_VALVE,10.0.0.55,78,2,13,COMMAND_INJECTION,1,3,0,COMMAND_INJECTION,100.0,T0836,CRITICAL
10:40:40,SENSOR_01,STATUS_CHECK,192.168.1.12,28,0,2,NORMAL,3,5,5,NORMAL,100.0,N/A,NONE
10:17:09,PLC_01,HEARTBEAT,192.168.1.11,44,0,1,NORMAL,0,2,4,NORMAL,98.9,N/A,NONE
10:14:36,SENSOR_01,WRITE_REGISTER,192.168.1.10,39,1,4,NORMAL,3,7,3,NORMAL,100.0,N/A,NONE
10:01:20,SENSOR_01,STOP_MOTOR,192.168.1.10,68,1,2,SPOOFING,3,6,3,SPOOFING,98.9,T0831,CRITICAL
10:01:33,SENSOR_01,WRITE_REGISTER,192.168.9.99,28,13,12,UNAUTHORIZED_ACCESS,3,7,6,UNAUTHORIZED_ACCESS,100.0,T0801,MEDIUM
10:02:36,SENSOR_01,STOP_MOTOR,192.168.1.10,71,1,2,SPOOFING,3,6,3,SPOOFING,99.9,T0831,CRITICAL
10:00:59,PLC_02,STATUS_CHECK,10.10.10.5,234,2,23,DDoS,1,5,1,DDoS,100.0,T0814,HIGH
10:17:24,SENSOR_01,WRITE_REGISTER,192.168.1.12,24,0,2,NORMAL,3,7,5,NORMAL,100.0,N/A,NONE
11:17:10,PLC_03,HEARTBEAT,192.168.1.11,17,0,2,NORMAL,2,2,4,NORMAL,100.0,N/A,NONE
10:16:15,PLC_03,HEARTBEAT,192.168.1.12,44,1,5,NORMAL,2,2,5,NORMAL,100.0,N/A,NONE
10:09:18,SENSOR_02,STATUS_CHECK,192.168.1.10,21,1,3,NORMAL,4,5,3,NORMAL,99.9,N/A,NONE
10:16:24,PLC_01,WRITE_REGISTER,192.168.1.11,36,1,3,NORMAL,0,7,4,NORMAL,100.0,N/A,NONE
10:01:46,PLC_02,DISABLE_ALARM,10.10.10.5,65,3,14,COMMAND_INJECTION,1,0,1,COMMAND_INJECTION,100.0,T0836,CRITICAL
10:00:08,PLC_02,STATUS_CHECK,192.168.9.99,279,0,33,DDoS,1,5,6,DDoS,100.0,T0814,HIGH
10:16:41,PLC_01,READ_SENSOR,192.168.1.11,13,1,3,NORMAL,0,4,4,NORMAL,100.0,N/A,NONE
10:00:58,SENSOR_01,WRITE_REGISTER,10.0.0.55,60,5,11,UNAUTHORIZED_ACCESS,3,7,0,UNAUTHORIZED_ACCESS,99.0,T0801,MEDIUM
10:29:33,PLC_01,HEARTBEAT,192.168.1.10,39,0,3,NORMAL,0,2,3,NORMAL,99.6,N/A,NONE
10:00:18,PLC_01,STATUS_CHECK,172.16.0.88,206,0,41,DDoS,0,5,2,DDoS,100.0,T0814,HIGH
10:37:12,SENSOR_01,STATUS_CHECK,192.168.1.10,35,0,5,NORMAL,3,5,3,NORMAL,100.0,N/A,NONE
10:39:04,PLC_03,HEARTBEAT,192.168.1.10,25,1,5,NORMAL,2,2,3,NORMAL,100.0,N/A,NONE
10:33:20,SENSOR_02,HEARTBEAT,192.168.1.11,48,0,5,NORMAL,4,2,4,NORMAL,100.0,N/A,NONE
10:18:18,SENSOR_01,READ_SENSOR,192.168.1.11,32,1,3,NORMAL,3,4,4,NORMAL,100.0,N/A,NONE
10:27:27,PLC_01,STATUS_CHECK,192.168.1.12,29,1,1,NORMAL,0,5,5,NORMAL,100.0,N/A,NONE
10:16:50,PLC_01,READ_SENSOR,192.168.1.12,42,0,3,NORMAL,0,4,5,NORMAL,100.0,N/A,NONE
10:51:06,SENSOR_02,HEARTBEAT,192.168.1.11,35,0,5,NORMAL,4,2,4,NORMAL,100.0,N/A,NONE
10:20:30,SENSOR_02,STATUS_CHECK,192.168.1.11,16,0,3,NORMAL,4,5,4,NORMAL,100.0,N/A,NONE
11:09:10,PLC_02,STATUS_CHECK,192.168.1.12,36,1,4,NORMAL,1,5,5,NORMAL,100.0,N/A,NONE
10:01:36,PLC_03,WRITE_REGISTER,10.0.0.55,59,9,18,UNAUTHORIZED_ACCESS,2,7,0,UNAUTHORIZED_ACCESS,100.0,T0801,MEDIUM
10:02:10,SENSOR_01,DISABLE_ALARM,192.168.1.10,75,1,3,SPOOFING,3,0,3,SPOOFING,100.0,T0831,CRITICAL
10:00:24,PLC_01,WRITE_REGISTER,192.168.9.99,58,11,20,UNAUTHORIZED_ACCESS,0,7,6,UNAUTHORIZED_ACCESS,100.0,T0801,MEDIUM
10:01:45,PLC_02,DISABLE_ALARM,10.0.0.55,87,2,5,COMMAND_INJECTION,1,0,0,COMMAND_INJECTION,99.0,T0836,CRITICAL
10:02:54,PLC_02,STOP_MOTOR,172.16.0.88,69,1,9,COMMAND_INJECTION,1,6,2,COMMAND_INJECTION,99.0,T0836,CRITICAL
10:06:27,SENSOR_02,HEARTBEAT,192.168.1.10,24,0,4,NORMAL,4,2,3,NORMAL,100.0,N/A,NONE
10:00:37,SENSOR_02,STATUS_CHECK,172.16.0.88,230,1,25,DDoS,4,5,2,DDoS,100.0,T0814,HIGH
10:33:30,SENSOR_01,STATUS_CHECK,192.168.1.10,21,1,4,NORMAL,3,5,3,NORMAL,100.0,N/A,NONE
10:05:36,SENSOR_02,FORCE_WRITE,192.168.1.10,63,1,3,SPOOFING,4,1,3,SPOOFING,100.0,T0831,CRITICAL
10:03:30,PLC_03,STOP_MOTOR,192.168.1.10,74,1,1,SPOOFING,2,6,3,SPOOFING,99.9,T0831,CRITICAL
10:01:45,SENSOR_02,DISABLE_ALARM,192.168.1.10,80,1,3,SPOOFING,4,0,3,SPOOFING,99.0,T0831,CRITICAL
10:00:13,PLC_03,WRITE_REGISTER,192.168.9.99,35,11,28,UNAUTHORIZED_ACCESS,2,7,6,UNAUTHORIZED_ACCESS,100.0,T0801,MEDIUM
10:14:36,SENSOR_02,READ_SENSOR,192.168.1.12,31,0,5,NORMAL,4,4,5,NORMAL,100.0,N/A,NONE
10:01:22,SENSOR_01,STATUS_CHECK,192.168.9.99,194,2,39,DDoS,3,5,6,DDoS,100.0,T0814,HIGH
10:00:30,PLC_02,WRITE_REGISTER,10.10.10.5,28,8,27,UNAUTHORIZED_ACCESS,1,7,1,UNAUTHORIZED_ACCESS,100.0,T0801,MEDIUM
10:02:36,PLC_03,DISABLE_ALARM,192.168.1.10,40,0,3,SPOOFING,2,0,3,SPOOFING,86.0,T0831,CRITICAL
10:00:06,PLC_02,STOP_MOTOR,10.0.0.55,72,3,10,COMMAND_INJECTION,1,6,0,COMMAND_INJECTION,100.0,T0836,CRITICAL
10:01:16,SENSOR_02,WRITE_REGISTER,10.10.10.5,59,7,24,UNAUTHORIZED_ACCESS,4,7,1,UNAUTHORIZED_ACCESS,100.0,T0801,MEDIUM
10:00:24,PLC_03,STATUS_CHECK,192.168.9.99,224,2,29,DDoS,2,5,6,DDoS,100.0,T0814,HIGH
10:03:42,PLC_02,FORCE_WRITE,192.168.9.99,73,3,15,COMMAND_INJECTION,1,1,6,COMMAND_INJECTION,100.0,T0836,CRITICAL
10:05:00,SENSOR_02,OVERRIDE_VALVE,192.168.1.10,63,0,1,SPOOFING,4,3,3,SPOOFING,96.8,T0831,CRITICAL
10:51:28,SENSOR_01,HEARTBEAT,192.168.1.12,47,0,3,NORMAL,3,2,5,NORMAL,99.7,N/A,NONE
10:01:12,PLC_02,WRITE_REGISTER,10.10.10.5,21,12,29,UNAUTHORIZED_ACCESS,1,7,1,UNAUTHORIZED_ACCESS,100.0,T0801,MEDIUM
11:16:21,SENSOR_02,HEARTBEAT,192.168.1.12,25,1,3,NORMAL,4,2,5,NORMAL,100.0,N/A,NONE
10:35:36,SENSOR_02,READ_SENSOR,192.168.1.10,15,0,5,NORMAL,4,4,3,NORMAL,99.9,N/A,NONE
10:00:38,PLC_02,FORCE_WRITE,10.0.0.55,92,2,5,COMMAND_INJECTION,1,1,0,COMMAND_INJECTION,99.0,T0836,CRITICAL
10:44:06,PLC_01,HEARTBEAT,192.168.1.10,39,0,3,NORMAL,0,2,3,NORMAL,99.6,N/A,NONE
10:33:04,PLC_01,STATUS_CHECK,192.168.1.10,30,1,1,NORMAL,0,5,3,NORMAL,100.0,N/A,NONE
10:07:28,PLC_02,WRITE_REGISTER,192.168.1.11,15,0,2,NORMAL,1,7,4,NORMAL,100.0,N/A,NONE
10:03:02,SENSOR_01,STATUS_CHECK,10.0.0.55,282,0,43,DDoS,3,5,0,DDoS,100.0,T0814,HIGH
10:34:48,PLC_01,STATUS_CHECK,192.168.1.10,29,0,1,NORMAL,0,5,3,NORMAL,99.9,N/A,NONE
10:01:09,PLC_02,FORCE_WRITE,172.16.0.88,109,1,6,COMMAND_INJECTION,1,1,2,COMMAND_INJECTION,100.0,T0836,CRITICAL
10:00:14,SENSOR_01,STATUS_CHECK,172.16.0.88,168,2,30,DDoS,3,5,2,DDoS,100.0,T0814,HIGH
10:01:11,SENSOR_02,STATUS_CHECK,192.168.9.99,260,2,33,DDoS,4,5,6,DDoS,100.0,T0814,HIGH
10:43:31,PLC_02,HEARTBEAT,192.168.1.12,49,0,4,NORMAL,1,2,5,NORMAL,100.0,N/A,NONE
10:05:24,PLC_02,WRITE_REGISTER,192.168.9.99,51,6,10,UNAUTHORIZED_ACCESS,1,7,6,UNAUTHORIZED_ACCESS,100.0,T0801,MEDIUM
10:00:42,PLC_03,STOP_MOTOR,10.0.0.55,109,3,13,COMMAND_INJECTION,2,6,0,COMMAND_INJECTION,99.0,T0836,CRITICAL
10:23:18,SENSOR_01,HEARTBEAT,192.168.1.10,17,1,5,NORMAL,3,2,3,NORMAL,100.0,N/A,NONE
10:07:05,PLC_03,OVERRIDE_VALVE,192.168.1.10,76,0,2,SPOOFING,2,3,3,SPOOFING,100.0,T0831,CRITICAL
10:01:16,SENSOR_02,STATUS_CHECK,192.168.9.99,283,0,32,DDoS,4,5,6,DDoS,100.0,T0814,HIGH
10:42:16,SENSOR_02,HEARTBEAT,192.168.1.10,23,1,1,NORMAL,4,2,3,NORMAL,98.9,N/A,NONE
10:00:48,SENSOR_02,STATUS_CHECK,10.0.0.55,264,0,25,DDoS,4,5,0,DDoS,100.0,T0814,HIGH
10:41:00,PLC_02,STATUS_CHECK,192.168.1.12,49,1,2,NORMAL,1,5,5,NORMAL,99.7,N/A,NONE
10:01:38,PLC_02,DISABLE_ALARM,10.10.10.5,114,1,9,COMMAND_INJECTION,1,0,1,COMMAND_INJECTION,100.0,T0836,CRITICAL
10:00:18,SENSOR_02,FORCE_WRITE,192.168.1.10,65,0,2,SPOOFING,4,1,3,SPOOFING,100.0,T0831,CRITICAL
10:17:54,PLC_01,STATUS_CHECK,192.168.1.12,46,0,2,NORMAL,0,5,5,NORMAL,99.3,N/A,NONE
10:21:30,PLC_02,STATUS_CHECK,192.168.1.12,24,0,2,NORMAL,1,5,5,NORMAL,100.0,N/A,NONE
10:02:56,SENSOR_01,OVERRIDE_VALVE,192.168.1.10,44,0,1,SPOOFING,3,3,3,SPOOFING,74.1,T0831,CRITICAL
10:00:54,SENSOR_02,STATUS_CHECK,172.16.0.88,186,1,41,DDoS,4,5,2,DDoS,100.0,T0814,HIGH
10:00:32,SENSOR_02,STATUS_CHECK,10.10.10.5,290,0,29,DDoS,4,5,1,DDoS,100.0,T0814,HIGH
10:37:36,SENSOR_02,STATUS_CHECK,192.168.1.10,22,1,5,NORMAL,4,5,3,NORMAL,100.0,N/A,NONE
10:50:08,SENSOR_02,WRITE_REGISTER,192.168.1.11,30,0,4,NORMAL,4,7,4,NORMAL,100.0,N/A,NONE
10:19:12,SENSOR_02,HEARTBEAT,192.168.1.11,37,0,1,NORMAL,4,2,4,NORMAL,99.9,N/A,NONE
10:33:36,PLC_02,WRITE_REGISTER,192.168.1.12,18,1,1,NORMAL,1,7,5,NORMAL,100.0,N/A,NONE
10:03:32,PLC_03,WRITE_REGISTER,192.168.9.99,36,9,15,UNAUTHORIZED_ACCESS,2,7,6,UNAUTHORIZED_ACCESS,100.0,T0801,MEDIUM
10:00:28,PLC_03,FORCE_WRITE,192.168.9.99,61,2,15,COMMAND_INJECTION,2,1,6,COMMAND_INJECTION,96.0,T0836,CRITICAL
11:02:56,PLC_02,WRITE_REGISTER,192.168.1.11,27,1,2,NORMAL,1,7,4,NORMAL,100.0,N/A,NONE
10:57:50,PLC_02,READ_SENSOR,192.168.1.12,12,0,1,NORMAL,1,4,5,NORMAL,100.0,N/A,NONE
10:58:55,PLC_01,HEARTBEAT,192.168.1.10,33,1,3,NORMAL,0,2,3,NORMAL,99.9,N/A,NONE
10:01:18,PLC_03,STATUS_CHECK,172.16.0.88,184,2,43,DDoS,2,5,2,DDoS,100.0,T0814,HIGH
10:01:27,SENSOR_02,WRITE_REGISTER,172.16.0.88,54,13,17,UNAUTHORIZED_ACCESS,4,7,2,UNAUTHORIZED_ACCESS,100.0,T0801,MEDIUM
10:01:24,PLC_03,WRITE_REGISTER,172.16.0.88,30,5,29,UNAUTHORIZED_ACCESS,2,7,2,UNAUTHORIZED_ACCESS,100.0,T0801,MEDIUM
10:00:20,PLC_03,WRITE_REGISTER,192.168.9.99,48,7,19,UNAUTHORIZED_ACCESS,2,7,6,UNAUTHORIZED_ACCESS,100.0,T0801,MEDIUM
10:00:38,PLC_01,STATUS_CHECK,192.168.9.99,168,0,25,DDoS,0,5,6,DDoS,99.0,T0814,HIGH
10:00:55,PLC_03,FORCE_WRITE,192.168.9.99,69,1,15,COMMAND_INJECTION,2,1,6,COMMAND_INJECTION,89.0,T0836,CRITICAL
10:00:06,PLC_02,STOP_MOTOR,192.168.9.99,102,2,11,COMMAND_INJECTION,1,6,6,COMMAND_INJECTION,100.0,T0836,CRITICAL
10:01:30,PLC_02,STATUS_CHECK,172.16.0.88,250,0,48,DDoS,1,5,2,DDoS,100.0,T0814,HIGH
10:02:18,PLC_02,STOP_MOTOR,10.10.10.5,106,3,14,COMMAND_INJECTION,1,6,1,COMMAND_INJECTION,100.0,T0836,CRITICAL
10:27:48,SENSOR_02,READ_SENSOR,192.168.1.12,16,0,1,NORMAL,4,4,5,NORMAL,100.0,N/A,NONE
10:00:57,PLC_01,WRITE_REGISTER,192.168.9.99,56,9,24,UNAUTHORIZED_ACCESS,0,7,6,UNAUTHORIZED_ACCESS,100.0,T0801,MEDIUM
10:57:42,SENSOR_02,HEARTBEAT,192.168.1.11,25,0,4,NORMAL,4,2,4,NORMAL,100.0,N/A,NONE
10:07:55,PLC_01,OVERRIDE_VALVE,192.168.1.10,78,0,3,SPOOFING,0,3,3,SPOOFING,99.2,T0831,CRITICAL
10:14:10,PLC_01,READ_SENSOR,192.168.1.11,24,0,1,NORMAL,0,4,4,NORMAL,100.0,N/A,NONE
10:36:18,SENSOR_02,HEARTBEAT,192.168.1.11,12,0,3,NORMAL,4,2,4,NORMAL,100.0,N/A,NONE
10:03:16,SENSOR_01,STATUS_CHECK,192.168.9.99,273,0,28,DDoS,3,5,6,DDoS,100.0,T0814,HIGH
10:18:33,SENSOR_02,HEARTBEAT,192.168.1.12,33,0,2,NORMAL,4,2,5,NORMAL,99.9,N/A,NONE
10:52:24,PLC_02,READ_SENSOR,192.168.1.10,12,1,1,NORMAL,1,4,3,NORMAL,100.0,N/A,NONE
10:01:45,PLC_02,HEARTBEAT,192.168.1.10,34,1,4,NORMAL,1,2,3,NORMAL,100.0,N/A,NONE
10:45:00,PLC_03,READ_SENSOR,192.168.1.10,32,0,3,NORMAL,2,4,3,NORMAL,99.9,N/A,NONE
10:19:50,PLC_02,READ_SENSOR,192.168.1.12,11,0,1,NORMAL,1,4,5,NORMAL,100.0,N/A,NONE
10:01:48,SENSOR_02,STATUS_CHECK,192.168.9.99,282,1,32,DDoS,4,5,6,DDoS,100.0,T0814,HIGH
10:01:30,PLC_02,FORCE_WRITE,10.10.10.5,63,1,5,COMMAND_INJECTION,1,1,1,COMMAND_INJECTION,91.0,T0836,CRITICAL
10:00:57,PLC_02,OVERRIDE_VALVE,10.0.0.55,103,2,14,COMMAND_INJECTION,1,3,0,COMMAND_INJECTION,100.0,T0836,CRITICAL
10:00:47,PLC_02,DISABLE_ALARM,192.168.9.99,109,1,10,COMMAND_INJECTION,1,0,6,COMMAND_INJECTION,100.0,T0836,CRITICAL
10:02:56,SENSOR_01,WRITE_REGISTER,10.0.0.55,57,8,26,UNAUTHORIZED_ACCESS,3,7,0,UNAUTHORIZED_ACCESS,97.0,T0801,MEDIUM
10:01:39,PLC_01,STOP_MOTOR,192.168.1.10,62,1,2,SPOOFING,0,6,3,SPOOFING,98.8,T0831,CRITICAL
10:09:30,PLC_01,STATUS_CHECK,192.168.1.11,25,1,5,NORMAL,0,5,4,NORMAL,100.0,N/A,NONE
10:37:32,PLC_01,HEARTBEAT,192.168.1.10,15,0,1,NORMAL,0,2,3,NORMAL,98.8,N/A,NONE
10:40:00,SENSOR_01,WRITE_REGISTER,192.168.1.10,14,1,1,NORMAL,3,7,3,NORMAL,97.5,N/A,NONE
10:02:06,PLC_02,DISABLE_ALARM,192.168.1.10,64,0,2,SPOOFING,1,0,3,SPOOFING,100.0,T0831,CRITICAL
10:57:24,SENSOR_01,STATUS_CHECK,192.168.1.12,34,0,5,NORMAL,3,5,5,NORMAL,100.0,N/A,NONE
10:01:30,PLC_02,STATUS_CHECK,192.168.9.99,220,1,31,DDoS,1,5,6,DDoS,100.0,T0814,HIGH
11:09:00,PLC_03,STATUS_CHECK,192.168.1.11,27,0,1,NORMAL,2,5,4,NORMAL,100.0,N/A,NONE
10:46:05,PLC_03,HEARTBEAT,192.168.1.11,22,0,4,NORMAL,2,2,4,NORMAL,100.0,N/A,NONE
10:01:28,PLC_01,STOP_MOTOR,10.0.0.55,94,2,13,COMMAND_INJECTION,0,6,0,COMMAND_INJECTION,100.0,T0836,CRITICAL
10:17:10,SENSOR_01,READ_SENSOR,192.168.1.11,38,1,3,NORMAL,3,4,4,NORMAL,100.0,N/A,NONE
10:58:48,SENSOR_01,WRITE_REGISTER,192.168.1.11,50,0,2,NORMAL,3,7,4,NORMAL,90.7,N/A,NONE
10:07:50,PLC_01,STOP_MOTOR,192.168.1.10,61,1,2,SPOOFING,0,6,3,SPOOFING,98.8,T0831,CRITICAL
10:59:33,SENSOR_02,HEARTBEAT,192.168.1.12,17,1,3,NORMAL,4,2,5,NORMAL,100.0,N/A,NONE
10:05:30,PLC_02,OVERRIDE_VALVE,192.168.1.10,74,1,2,SPOOFING,1,3,3,SPOOFING,98.6,T0831,CRITICAL
10:02:24,PLC_03,OVERRIDE_VALVE,10.0.0.55,115,1,7,COMMAND_INJECTION,2,3,0,COMMAND_INJECTION,100.0,T0836,CRITICAL
10:28:56,PLC_01,STATUS_CHECK,192.168.1.11,21,0,3,NORMAL,0,5,4,NORMAL,100.0,N/A,NONE
10:00:28,PLC_02,WRITE_REGISTER,192.168.1.11,16,0,4,NORMAL,1,7,4,NORMAL,100.0,N/A,NONE
10:04:32,PLC_03,FORCE_WRITE,192.168.1.10,69,0,3,SPOOFING,2,1,3,SPOOFING,100.0,T0831,CRITICAL
10:00:42,PLC_03,STATUS_CHECK,10.0.0.55,287,0,28,DDoS,2,5,0,DDoS,100.0,T0814,HIGH
10:01:27,SENSOR_02,WRITE_REGISTER,172.16.0.88,23,15,25,UNAUTHORIZED_ACCESS,4,7,2,UNAUTHORIZED_ACCESS,100.0,T0801,MEDIUM
10:00:24,PLC_02,STATUS_CHECK,10.0.0.55,160,2,48,DDoS,1,5,0,DDoS,100.0,T0814,HIGH
10:02:32,PLC_01,STOP_MOTOR,192.168.1.10,73,0,2,SPOOFING,0,6,3,SPOOFING,98.2,T0831,CRITICAL
11:12:48,PLC_02,STATUS_CHECK,192.168.1.12,13,0,4,NORMAL,1,5,5,NORMAL,100.0,N/A,NONE
10:02:05,PLC_01,STOP_MOTOR,192.168.1.10,50,1,1,SPOOFING,0,6,3,SPOOFING,77.9,T0831,CRITICAL
10:02:46,PLC_03,STATUS_CHECK,192.168.9.99,191,1,50,DDoS,2,5,6,DDoS,100.0,T0814,HIGH
10:04:54,SENSOR_02,WRITE_REGISTER,192.168.1.10,25,1,4,NORMAL,4,7,3,NORMAL,99.7,N/A,NONE
10:00:08,PLC_02,OVERRIDE_VALVE,172.16.0.88,82,3,15,COMMAND_INJECTION,1,3,2,COMMAND_INJECTION,100.0,T0836,CRITICAL
10:02:15,PLC_03,DISABLE_ALARM,192.168.1.10,66,0,1,SPOOFING,2,0,3,SPOOFING,100.0,T0831,CRITICAL
10:28:39,SENSOR_02,WRITE_REGISTER,192.168.1.12,31,0,4,NORMAL,4,7,5,NORMAL,100.0,N/A,NONE
10:40:36,SENSOR_02,STATUS_CHECK,192.168.1.10,39,1,5,NORMAL,4,5,3,NORMAL,100.0,N/A,NONE
10:25:06,PLC_03,READ_SENSOR,192.168.1.11,15,1,5,NORMAL,2,4,4,NORMAL,100.0,N/A,NONE
10:03:55,PLC_03,STATUS_CHECK,192.168.1.12,23,1,2,NORMAL,2,5,5,NORMAL,100.0,N/A,NONE
10:05:20,PLC_02,HEARTBEAT,192.168.1.10,27,1,2,NORMAL,1,2,3,NORMAL,99.4,N/A,NONE
10:03:57,SENSOR_02,STOP_MOTOR,192.168.1.10,46,0,3,SPOOFING,4,6,3,SPOOFING,71.7,T0831,CRITICAL
10:01:57,PLC_01,OVERRIDE_VALVE,172.16.0.88,88,2,9,COMMAND_INJECTION,0,3,2,COMMAND_INJECTION,100.0,T0836,CRITICAL
10:13:20,SENSOR_01,READ_SENSOR,192.168.1.10,37,1,5,NORMAL,3,4,3,NORMAL,100.0,N/A,NONE
10:22:20,SENSOR_02,HEARTBEAT,192.168.1.11,31,1,4,NORMAL,4,2,4,NORMAL,100.0,N/A,NONE
10:01:48,PLC_01,STATUS_CHECK,192.168.1.10,42,0,3,NORMAL,0,5,3,NORMAL,99.6,N/A,NONE
10:01:20,PLC_02,STOP_MOTOR,10.10.10.5,117,3,7,COMMAND_INJECTION,1,6,1,COMMAND_INJECTION,100.0,T0836,CRITICAL
10:11:30,PLC_03,HEARTBEAT,192.168.1.12,18,1,4,NORMAL,2,2,5,NORMAL,100.0,N/A,NONE
10:24:27,SENSOR_02,HEARTBEAT,192.168.1.12,12,0,5,NORMAL,4,2,5,NORMAL,100.0,N/A,NONE
10:06:00,PLC_03,STOP_MOTOR,192.168.1.10,46,0,1,SPOOFING,2,6,3,SPOOFING,66.7,T0831,CRITICAL
10:44:06,SENSOR_01,STATUS_CHECK,192.168.1.10,46,0,5,NORMAL,3,5,3,NORMAL,85.0,N/A,NONE
10:48:00,PLC_02,HEARTBEAT,192.168.1.10,25,0,5,NORMAL,1,2,3,NORMAL,100.0,N/A,NONE
10:27:52,SENSOR_02,HEARTBEAT,192.168.1.10,37,0,4,NORMAL,4,2,3,NORMAL,100.0,N/A,NONE
10:02:28,PLC_02,STATUS_CHECK,192.168.9.99,222,2,48,DDoS,1,5,6,DDoS,100.0,T0814,HIGH
10:26:04,PLC_02,WRITE_REGISTER,192.168.1.12,21,0,3,NORMAL,1,7,5,NORMAL,100.0,N/A,NONE
10:59:12,PLC_02,WRITE_REGISTER,192.168.1.12,28,1,2,NORMAL,1,7,5,NORMAL,100.0,N/A,NONE
10:33:12,PLC_03,HEARTBEAT,192.168.1.12,11,1,2,NORMAL,2,2,5,NORMAL,100.0,N/A,NONE
10:23:00,PLC_01,HEARTBEAT,192.168.1.10,19,1,2,NORMAL,0,2,3,NORMAL,99.9,N/A,NONE
10:06:12,PLC_03,HEARTBEAT,192.168.1.10,31,1,1,NORMAL,2,2,3,NORMAL,98.0,N/A,NONE
11:10:39,SENSOR_01,HEARTBEAT,192.168.1.10,34,1,2,NORMAL,3,2,3,NORMAL,97.7,N/A,NONE
10:01:34,PLC_03,STATUS_CHECK,192.168.9.99,211,2,41,DDoS,2,5,6,DDoS,100.0,T0814,HIGH
10:06:24,SENSOR_02,WRITE_REGISTER,192.168.1.12,20,1,5,NORMAL,4,7,5,NORMAL,100.0,N/A,NONE
10:02:32,PLC_01,WRITE_REGISTER,10.0.0.55,47,10,22,UNAUTHORIZED_ACCESS,0,7,0,UNAUTHORIZED_ACCESS,100.0,T0801,MEDIUM
11:26:40,PLC_01,WRITE_REGISTER,192.168.1.10,29,1,3,NORMAL,0,7,3,NORMAL,99.9,N/A,NONE
10:00:38,PLC_03,DISABLE_ALARM,192.168.9.99,95,2,13,COMMAND_INJECTION,2,0,6,COMMAND_INJECTION,99.0,T0836,CRITICAL
10:01:02,SENSOR_02,WRITE_REGISTER,172.16.0.88,41,15,19,UNAUTHORIZED_ACCESS,4,7,2,UNAUTHORIZED_ACCESS,100.0,T0801,MEDIUM
10:07:28,SENSOR_02,WRITE_REGISTER,192.168.1.10,36,1,2,NORMAL,4,7,3,NORMAL,96.5,N/A,NONE
10:00:12,PLC_02,OVERRIDE_VALVE,192.168.9.99,78,1,14,COMMAND_INJECTION,1,3,6,COMMAND_INJECTION,95.0,T0836,CRITICAL
10:01:38,SENSOR_02,HEARTBEAT,192.168.1.12,35,1,2,NORMAL,4,2,5,NORMAL,99.9,N/A,NONE
10:18:12,SENSOR_01,STATUS_CHECK,192.168.1.12,31,0,4,NORMAL,3,5,5,NORMAL,100.0,N/A,NONE
10:04:00,SENSOR_02,READ_SENSOR,192.168.1.12,15,1,5,NORMAL,4,4,5,NORMAL,100.0,N/A,NONE
10:32:48,PLC_03,HEARTBEAT,192.168.1.10,26,0,2,NORMAL,2,2,3,NORMAL,99.3,N/A,NONE
10:31:35,SENSOR_02,READ_SENSOR,192.168.1.12,39,0,4,NORMAL,4,4,5,NORMAL,100.0,N/A,NONE
10:24:56,PLC_03,READ_SENSOR,192.168.1.10,19,1,1,NORMAL,2,4,3,NORMAL,99.0,N/A,NONE
10:05:15,PLC_02,FORCE_WRITE,192.168.1.10,75,1,2,SPOOFING,1,1,3,SPOOFING,100.0,T0831,CRITICAL
10:32:24,PLC_03,WRITE_REGISTER,192.168.1.12,43,0,4,NORMAL,2,7,5,NORMAL,100.0,N/A,NONE
10:04:33,PLC_02,FORCE_WRITE,192.168.1.10,59,0,3,SPOOFING,1,1,3,SPOOFING,99.0,T0831,CRITICAL
10:04:20,PLC_01,STATUS_CHECK,192.168.1.11,12,1,2,NORMAL,0,5,4,NORMAL,100.0,N/A,NONE
10:02:36,PLC_01,FORCE_WRITE,10.10.10.5,113,2,8,COMMAND_INJECTION,0,1,1,COMMAND_INJECTION,100.0,T0836,CRITICAL
10:56:10,PLC_03,READ_SENSOR,192.168.1.12,22,0,3,NORMAL,2,4,5,NORMAL,100.0,N/A,NONE
10:04:00,PLC_01,OVERRIDE_VALVE,192.168.1.10,45,0,1,SPOOFING,0,3,3,SPOOFING,64.2,T0831,CRITICAL
10:00:38,SENSOR_01,STOP_MOTOR,192.168.1.10,50,0,1,SPOOFING,3,6,3,SPOOFING,89.3,T0831,CRITICAL
10:01:36,SENSOR_01,OVERRIDE_VALVE,192.168.1.10,50,1,2,SPOOFING,3,3,3,SPOOFING,74.2,T0831,CRITICAL
10:49:10,PLC_03,STATUS_CHECK,192.168.1.11,17,1,4,NORMAL,2,5,4,NORMAL,100.0,N/A,NONE
10:00:02,SENSOR_01,FORCE_WRITE,192.168.1.10,44,0,2,SPOOFING,3,1,3,SPOOFING,98.7,T0831,CRITICAL
10:33:28,PLC_03,HEARTBEAT,192.168.1.12,12,0,4,NORMAL,2,2,5,NORMAL,100.0,N/A,NONE
10:01:44,PLC_03,FORCE_WRITE,192.168.1.10,57,1,2,SPOOFING,2,1,3,SPOOFING,100.0,T0831,CRITICAL
10:46:06,PLC_02,READ_SENSOR,192.168.1.10,16,0,4,NORMAL,1,4,3,NORMAL,100.0,N/A,NONE
11:00:40,PLC_01,STATUS_CHECK,192.168.1.10,34,1,1,NORMAL,0,5,3,NORMAL,100.0,N/A,NONE
10:03:12,PLC_01,WRITE_REGISTER,10.10.10.5,57,12,11,UNAUTHORIZED_ACCESS,0,7,1,UNAUTHORIZED_ACCESS,100.0,T0801,MEDIUM
10:00:30,PLC_01,DISABLE_ALARM,192.168.9.99,117,2,12,COMMAND_INJECTION,0,0,6,COMMAND_INJECTION,100.0,T0836,CRITICAL
10:03:06,PLC_01,STOP_MOTOR,192.168.9.99,90,3,14,COMMAND_INJECTION,0,6,6,COMMAND_INJECTION,99.0,T0836,CRITICAL
10:31:23,PLC_03,HEARTBEAT,192.168.1.10,35,1,4,NORMAL,2,2,3,NORMAL,100.0,N/A,NONE
10:13:24,SENSOR_01,STATUS_CHECK,192.168.1.12,31,0,3,NORMAL,3,5,5,NORMAL,100.0,N/A,NONE
10:18:47,SENSOR_01,READ_SENSOR,192.168.1.10,12,0,3,NORMAL,3,4,3,NORMAL,99.9,N/A,NONE
10:46:15,PLC_01,STATUS_CHECK,192.168.1.12,12,1,3,NORMAL,0,5,5,NORMAL,100.0,N/A,NONE
10:01:27,SENSOR_01,STOP_MOTOR,192.168.1.10,46,0,2,SPOOFING,3,6,3,SPOOFING,67.8,T0831,CRITICAL
11:00:09,SENSOR_01,WRITE_REGISTER,192.168.1.11,50,0,5,NORMAL,3,7,4,NORMAL,93.0,N/A,NONE
10:00:08,PLC_03,OVERRIDE_VALVE,192.168.1.10,76,1,1,SPOOFING,2,3,3,SPOOFING,99.0,T0831,CRITICAL
11:03:28,SENSOR_01,HEARTBEAT,192.168.1.11,46,1,4,NORMAL,3,2,4,NORMAL,100.0,N/A,NONE
10:00:21,PLC_01,FORCE_WRITE,10.10.10.5,102,1,6,COMMAND_INJECTION,0,1,1,COMMAND_INJECTION,100.0,T0836,CRITICAL
10:05:55,SENSOR_02,OVERRIDE_VALVE,192.168.1.10,79,1,2,SPOOFING,4,3,3,SPOOFING,97.3,T0831,CRITICAL
10:12:15,PLC_01,WRITE_REGISTER,192.168.1.11,12,0,5,NORMAL,0,7,4,NORMAL,100.0,N/A,NONE
10:37:40,PLC_02,READ_SENSOR,192.168.1.11,33,1,4,NORMAL,1,4,4,NORMAL,100.0,N/A,NONE
11:04:50,PLC_03,HEARTBEAT,192.168.1.10,38,1,3,NORMAL,2,2,3,NORMAL,99.9,N/A,NONE
10:00:04,SENSOR_02,HEARTBEAT,192.168.1.10,11,0,2,NORMAL,4,2,3,NORMAL,99.1,N/A,NONE
10:01:14,PLC_02,WRITE_REGISTER,172.16.0.88,23,15,18,UNAUTHORIZED_ACCESS,1,7,2,UNAUTHORIZED_ACCESS,100.0,T0801,MEDIUM
10:01:22,PLC_02,WRITE_REGISTER,192.168.9.99,57,9,23,UNAUTHORIZED_ACCESS,1,7,6,UNAUTHORIZED_ACCESS,100.0,T0801,MEDIUM
10:56:06,PLC_03,HEARTBEAT,192.168.1.11,20,0,5,NORMAL,2,2,4,NORMAL,100.0,N/A,NONE
10:08:00,SENSOR_01,WRITE_REGISTER,192.168.1.11,37,1,1,NORMAL,3,7,4,NORMAL,100.0,N/A,NONE
10:34:10,SENSOR_02,HEARTBEAT,192.168.1.12,46,1,3,NORMAL,4,2,5,NORMAL,97.5,N/A,NONE
10:03:24,PLC_02,HEARTBEAT,192.168.1.11,40,0,4,NORMAL,1,2,4,NORMAL,100.0,N/A,NONE
10:06:15,SENSOR_02,FORCE_WRITE,192.168.1.10,43,1,1,SPOOFING,4,1,3,SPOOFING,96.7,T0831,CRITICAL
11:16:12,SENSOR_02,WRITE_REGISTER,192.168.1.12,13,1,5,NORMAL,4,7,5,NORMAL,100.0,N/A,NONE
10:42:42,SENSOR_01,READ_SENSOR,192.168.1.12,16,0,3,NORMAL,3,4,5,NORMAL,100.0,N/A,NONE
10:45:24,PLC_02,READ_SENSOR,192.168.1.11,11,0,5,NORMAL,1,4,4,NORMAL,100.0,N/A,NONE
10:24:24,PLC_01,READ_SENSOR,192.168.1.11,38,1,3,NORMAL,0,4,4,NORMAL,100.0,N/A,NONE
10:04:33,PLC_03,HEARTBEAT,192.168.1.12,33,0,5,NORMAL,2,2,5,NORMAL,100.0,N/A,NONE
10:33:54,PLC_03,STATUS_CHECK,192.168.1.10,23,0,1,NORMAL,2,5,3,NORMAL,99.2,N/A,NONE
10:03:14,PLC_02,DISABLE_ALARM,10.10.10.5,61,1,12,COMMAND_INJECTION,1,0,1,COMMAND_INJECTION,96.0,T0836,CRITICAL
11:05:48,PLC_02,HEARTBEAT,192.168.1.11,26,1,1,NORMAL,1,2,4,NORMAL,100.0,N/A,NONE
10:34:30,SENSOR_01,WRITE_REGISTER,192.168.1.11,45,1,3,NORMAL,3,7,4,NORMAL,99.8,N/A,NONE
10:02:32,PLC_01,OVERRIDE_VALVE,192.168.1.10,71,0,2,SPOOFING,0,3,3,SPOOFING,99.2,T0831,CRITICAL
10:28:07,PLC_02,READ_SENSOR,192.168.1.10,12,1,3,NORMAL,1,4,3,NORMAL,99.7,N/A,NONE
10:01:57,SENSOR_01,WRITE_REGISTER,192.168.1.11,18,0,5,NORMAL,3,7,4,NORMAL,100.0,N/A,NONE
10:21:00,SENSOR_02,HEARTBEAT,192.168.1.12,33,0,5,NORMAL,4,2,5,NORMAL,100.0,N/A,NONE
10:00:00,PLC_01,STATUS_CHECK,172.16.0.88,201,2,47,DDoS,0,5,2,DDoS,100.0,T0814,HIGH
10:19:21,SENSOR_01,READ_SENSOR,192.168.1.11,36,0,1,NORMAL,3,4,4,NORMAL,100.0,N/A,NONE
10:31:51,SENSOR_01,WRITE_REGISTER,192.168.1.10,16,0,3,NORMAL,3,7,3,NORMAL,97.9,N/A,NONE
10:22:08,PLC_01,HEARTBEAT,192.168.1.11,22,0,4,NORMAL,0,2,4,NORMAL,100.0,N/A,NONE
10:01:20,PLC_02,OVERRIDE_VALVE,10.10.10.5,78,3,5,COMMAND_INJECTION,1,3,1,COMMAND_INJECTION,88.0,T0836,CRITICAL
10:03:04,PLC_02,WRITE_REGISTER,192.168.9.99,51,13,13,UNAUTHORIZED_ACCESS,1,7,6,UNAUTHORIZED_ACCESS,100.0,T0801,MEDIUM
10:01:32,PLC_02,STATUS_CHECK,10.10.10.5,278,2,22,DDoS,1,5,1,DDoS,100.0,T0814,HIGH
10:00:36,PLC_02,DISABLE_ALARM,10.0.0.55,61,2,15,COMMAND_INJECTION,1,0,0,COMMAND_INJECTION,99.0,T0836,CRITICAL
11:04:32,PLC_02,STATUS_CHECK,192.168.1.10,11,0,5,NORMAL,1,5,3,NORMAL,100.0,N/A,NONE
10:02:40,SENSOR_02,WRITE_REGISTER,192.168.9.99,28,6,30,UNAUTHORIZED_ACCESS,4,7,6,UNAUTHORIZED_ACCESS,100.0,T0801,MEDIUM
10:33:36,SENSOR_01,READ_SENSOR,192.168.1.11,35,1,4,NORMAL,3,4,4,NORMAL,100.0,N/A,NONE
10:01:33,PLC_03,DISABLE_ALARM,172.16.0.88,71,2,12,COMMAND_INJECTION,2,0,2,COMMAND_INJECTION,99.0,T0836,CRITICAL
10:32:24,PLC_01,STATUS_CHECK,192.168.1.11,17,1,4,NORMAL,0,5,4,NORMAL,100.0,N/A,NONE
10:37:44,PLC_01,READ_SENSOR,192.168.1.10,18,0,3,NORMAL,0,4,3,NORMAL,99.6,N/A,NONE
10:02:30,PLC_02,STOP_MOTOR,10.0.0.55,77,1,10,COMMAND_INJECTION,1,6,0,COMMAND_INJECTION,100.0,T0836,CRITICAL
11:33:40,PLC_02,HEARTBEAT,192.168.1.11,25,0,1,NORMAL,1,2,4,NORMAL,100.0,N/A,NONE
10:01:26,SENSOR_01,STATUS_CHECK,10.10.10.5,283,1,42,DDoS,3,5,1,DDoS,100.0,T0814,HIGH
10:28:21,SENSOR_01,STATUS_CHECK,192.168.1.10,33,1,3,NORMAL,3,5,3,NORMAL,99.6,N/A,NONE
10:06:50,SENSOR_01,STOP_MOTOR,192.168.1.10,50,0,3,SPOOFING,3,6,3,SPOOFING,79.7,T0831,CRITICAL
10:01:39,SENSOR_01,STATUS_CHECK,10.0.0.55,208,1,33,DDoS,3,5,0,DDoS,100.0,T0814,HIGH
10:47:30,SENSOR_02,WRITE_REGISTER,192.168.1.12,44,0,4,NORMAL,4,7,5,NORMAL,98.0,N/A,NONE
10:02:42,PLC_03,STATUS_CHECK,172.16.0.88,251,2,24,DDoS,2,5,2,DDoS,100.0,T0814,HIGH
10:34:00,SENSOR_01,READ_SENSOR,192.168.1.12,46,0,1,NORMAL,3,4,5,NORMAL,97.3,N/A,NONE
10:06:46,PLC_03,HEARTBEAT,192.168.1.12,44,1,1,NORMAL,2,2,5,NORMAL,99.9,N/A,NONE
11:19:00,PLC_01,READ_SENSOR,192.168.1.11,34,0,4,NORMAL,0,4,4,NORMAL,100.0,N/A,NONE
10:37:20,PLC_01,HEARTBEAT,192.168.1.10,48,0,3,NORMAL,0,2,3,NORMAL,85.8,N/A,NONE
10:02:48,PLC_03,FORCE_WRITE,172.16.0.88,118,1,5,COMMAND_INJECTION,2,1,2,COMMAND_INJECTION,98.0,T0836,CRITICAL
10:01:34,PLC_02,STOP_MOTOR,192.168.1.10,58,1,1,SPOOFING,1,6,3,SPOOFING,99.8,T0831,CRITICAL
10:33:36,PLC_03,HEARTBEAT,192.168.1.10,46,0,5,NORMAL,2,2,3,NORMAL,90.3,N/A,NONE
10:01:24,PLC_03,STATUS_CHECK,192.168.1.10,13,0,5,NORMAL,2,5,3,NORMAL,100.0,N/A,NONE
10:31:18,PLC_02,WRITE_REGISTER,192.168.1.11,19,1,5,NORMAL,1,7,4,NORMAL,100.0,N/A,NONE
10:22:57,SENSOR_01,WRITE_REGISTER,192.168.1.10,28,1,3,NORMAL,3,7,3,NORMAL,99.9,N/A,NONE
10:26:40,PLC_01,STATUS_CHECK,192.168.1.12,24,0,4,NORMAL,0,5,5,NORMAL,100.0,N/A,NONE
10:32:12,SENSOR_01,READ_SENSOR,192.168.1.10,35,1,2,NORMAL,3,4,3,NORMAL,99.5,N/A,NONE
10:01:50,SENSOR_01,WRITE_REGISTER,192.168.9.99,29,13,23,UNAUTHORIZED_ACCESS,3,7,6,UNAUTHORIZED_ACCESS,100.0,T0801,MEDIUM
10:22:17,SENSOR_01,HEARTBEAT,192.168.1.11,48,1,4,NORMAL,3,2,4,NORMAL,100.0,N/A,NONE
10:25:40,PLC_03,WRITE_REGISTER,192.168.1.12,43,0,4,NORMAL,2,7,5,NORMAL,100.0,N/A,NONE
10:00:05,PLC_02,OVERRIDE_VALVE,172.16.0.88,99,2,14,COMMAND_INJECTION,1,3,2,COMMAND_INJECTION,100.0,T0836,CRITICAL
10:48:11,SENSOR_02,READ_SENSOR,192.168.1.10,36,0,3,NORMAL,4,4,3,NORMAL,99.8,N/A,NONE
10:40:55,PLC_03,READ_SENSOR,192.168.1.10,32,1,2,NORMAL,2,4,3,NORMAL,99.9,N/A,NONE
10:45:44,PLC_03,HEARTBEAT,192.168.1.10,46,0,2,NORMAL,2,2,3,NORMAL,81.8,N/A,NONE
10:05:45,PLC_02,STOP_MOTOR,192.168.1.10,79,1,3,SPOOFING,1,6,3,SPOOFING,99.1,T0831,CRITICAL
10:46:12,SENSOR_01,STATUS_CHECK,192.168.1.10,35,0,2,NORMAL,3,5,3,NORMAL,98.0,N/A,NONE
10:02:02,PLC_01,STATUS_CHECK,10.0.0.55,161,0,38,DDoS,0,5,0,DDoS,100.0,T0814,HIGH
10:08:40,PLC_02,HEARTBEAT,192.168.1.12,28,1,4,NORMAL,1,2,5,NORMAL,100.0,N/A,NONE
10:01:03,PLC_03,STATUS_CHECK,10.0.0.55,282,1,39,DDoS,2,5,0,DDoS,100.0,T0814,HIGH
10:01:11,PLC_01,OVERRIDE_VALVE,172.16.0.88,113,2,15,COMMAND_INJECTION,0,3,2,COMMAND_INJECTION,100.0,T0836,CRITICAL
10:09:54,SENSOR_01,HEARTBEAT,192.168.1.11,11,0,3,NORMAL,3,2,4,NORMAL,100.0,N/A,NONE
10:55:48,PLC_03,HEARTBEAT,192.168.1.11,40,0,3,NORMAL,2,2,4,NORMAL,100.0,N/A,NONE
10:07:15,SENSOR_01,READ_SENSOR,192.168.1.12,23,1,3,NORMAL,3,4,5,NORMAL,100.0,N/A,NONE
11:16:20,PLC_01,READ_SENSOR,192.168.1.12,18,1,1,NORMAL,0,4,5,NORMAL,100.0,N/A,NONE
10:33:00,PLC_01,WRITE_REGISTER,192.168.1.12,28,0,5,NORMAL,0,7,5,NORMAL,100.0,N/A,NONE
10:24:58,SENSOR_02,WRITE_REGISTER,192.168.1.11,15,0,3,NORMAL,4,7,4,NORMAL,100.0,N/A,NONE
10:38:50,PLC_01,HEARTBEAT,192.168.1.11,45,0,1,NORMAL,0,2,4,NORMAL,97.9,N/A,NONE
10:06:03,PLC_02,HEARTBEAT,192.168.1.12,38,1,2,NORMAL,1,2,5,NORMAL,100.0,N/A,NONE
10:00:28,PLC_01,STATUS_CHECK,172.16.0.88,281,2,34,DDoS,0,5,2,DDoS,100.0,T0814,HIGH
10:02:40,PLC_02,READ_SENSOR,192.168.1.12,30,1,1,NORMAL,1,4,5,NORMAL,100.0,N/A,NONE
10:00:00,SENSOR_02,STOP_MOTOR,192.168.1.10,56,0,2,SPOOFING,4,6,3,SPOOFING,95.5,T0831,CRITICAL
10:07:06,PLC_02,HEARTBEAT,192.168.1.10,45,0,1,NORMAL,1,2,3,NORMAL,84.5,N/A,NONE
10:12:22,PLC_02,HEARTBEAT,192.168.1.10,10,1,4,NORMAL,1,2,3,NORMAL,100.0,N/A,NONE
10:18:00,PLC_01,WRITE_REGISTER,192.168.1.11,36,1,4,NORMAL,0,7,4,NORMAL,100.0,N/A,NONE
10:02:00,PLC_03,STOP_MOTOR,172.16.0.88,90,1,6,COMMAND_INJECTION,2,6,2,COMMAND_INJECTION,100.0,T0836,CRITICAL
10:29:00,SENSOR_02,READ_SENSOR,192.168.1.11,30,0,4,NORMAL,4,4,4,NORMAL,100.0,N/A,NONE
10:11:54,PLC_02,READ_SENSOR,192.168.1.12,22,1,1,NORMAL,1,4,5,NORMAL,100.0,N/A,NONE
